interface,type,length_category,system,usage_count,age_days,true_limit,risk_class,needs_maintenance_soon
BBT30,Kollet,Kısa,MORSE,153.0,373.5,219.1,LOW,0
BBT50,Kollet,Kısa,WELDON,150.1,563.5,239.9,LOW,0
BT40,Kollet,Kısa,WELDON,89.9,352.7,211.5,LOW,0
BBT30,Kollet,Kısa,WELDON,147.6,569.3,182.1,MEDIUM,0
HSK100,Shrink,Uzun,DIN6499,177.4,691.1,308.3,LOW,0
BT40,Pens&Bilyalı,Uzun,WELDON,184.0,707.9,249.5,MEDIUM,0
BBT40,Shrink,Uzun,MORSE,306.9,825.7,394.9,MEDIUM,0
HSK63,Kollet,İnce,DIN6499,38.8,102.8,176.8,LOW,0
BT40,Kollet,Uzun,MORSE,218.0,535.5,214.4,HIGH,1
HSK100,Shrink,Uzun,WELDON,229.1,813.6,370.9,LOW,0
BT40,Kollet,Kısa,ER,106.7,293.3,216.0,LOW,0
CAPTO,Pens&Bilyalı,İnce,MORSE,70.3,247.4,199.0,LOW,0
HSK63,Shrink,Kısa,MORSE,103.1,174.9,383.9,LOW,0
BBT50,Kollet,Uzun,DIN6499,196.9,330.6,338.5,LOW,0
HSK100,Pens&Bilyalı,Kısa,MORSE,230.4,558.9,310.7,MEDIUM,0
BT40,Kollet,İnce,ER,111.7,339.8,170.9,LOW,0
HSK63,Shrink,Uzun,MORSE,182.5,325.0,329.9,LOW,0
HSK100,Shrink,İnce,ER,197.8,759.0,287.9,LOW,0
BBT40,Kollet,Uzun,DIN6499,107.6,364.5,290.0,LOW,0
BBT40,Shrink,Kısa,ER,92.7,205.1,440.6,LOW,0
BT40,Shrink,Kısa,DIN6499,280.7,864.1,297.1,HIGH,1
HSK63,Kollet,İnce,ER,186.9,450.4,180.9,HIGH,1
BBT40,Kollet,İnce,WELDON,105.8,297.7,154.6,LOW,0
BBT40,Pens&Bilyalı,Kısa,ER,420.1,1648.6,407.3,HIGH,1
BBT50,Kollet,Kısa,WELDON,21.2,73.5,295.7,LOW,0
HSK63,Pens&Bilyalı,İnce,MORSE,197.9,411.7,178.7,HIGH,1
BBT40,Kollet,İnce,WELDON,211.2,523.7,220.0,HIGH,1
HSK100,Kollet,İnce,ER,166.1,406.6,186.7,MEDIUM,0
BBT50,Shrink,Uzun,ER,152.9,476.6,406.3,LOW,0
BBT50,Kollet,Uzun,DIN6499,124.4,286.2,260.5,LOW,0
BT40,Pens&Bilyalı,Uzun,DIN6499,258.3,796.1,256.8,HIGH,1
BBT50,Pens&Bilyalı,Kısa,MORSE,30.4,93.0,312.0,LOW,0
HSK63,Shrink,İnce,WELDON,305.0,472.4,284.2,HIGH,1
CAPTO,Kollet,Uzun,WELDON,68.1,169.0,198.4,LOW,0
HSK63,Shrink,Uzun,WELDON,33.6,102.6,236.3,LOW,0
HSK63,Kollet,İnce,MORSE,125.8,468.5,186.1,LOW,0
BBT40,Kollet,İnce,ER,165.9,341.7,174.9,HIGH,1
BBT30,Kollet,İnce,DIN6499,99.8,332.8,124.2,MEDIUM,0
CAPTO,Kollet,Uzun,MORSE,208.5,429.6,220.8,HIGH,1
BT40,Kollet,Uzun,WELDON,86.0,230.7,255.5,LOW,0
BBT50,Kollet,Kısa,ER,324.7,1113.1,299.3,HIGH,1
CAPTO,Kollet,Kısa,DIN6499,164.7,634.2,270.1,LOW,0
BBT30,Pens&Bilyalı,Uzun,WELDON,148.8,295.6,206.9,MEDIUM,0
HSK100,Shrink,Uzun,ER,124.4,474.9,439.3,LOW,0
BT40,Shrink,Uzun,WELDON,50.3,107.1,257.0,LOW,0
CAPTO,Shrink,İnce,ER,152.2,406.5,242.9,LOW,0
BBT30,Kollet,Uzun,DIN6499,159.9,530.9,203.0,MEDIUM,0
HSK63,Pens&Bilyalı,İnce,WELDON,73.0,249.4,189.9,LOW,0
HSK100,Kollet,İnce,WELDON,36.3,135.7,223.0,LOW,0
BBT30,Pens&Bilyalı,Uzun,MORSE,295.4,861.8,291.2,HIGH,1
BBT50,Pens&Bilyalı,Uzun,MORSE,210.1,755.9,295.5,MEDIUM,0
HSK100,Kollet,İnce,WELDON,69.9,139.0,186.6,LOW,0
BBT30,Pens&Bilyalı,Kısa,MORSE,192.7,706.2,211.9,HIGH,1
BBT40,Kollet,Uzun,MORSE,115.9,377.1,229.3,LOW,0
CAPTO,Pens&Bilyalı,Uzun,WELDON,312.7,877.3,305.3,HIGH,1
HSK63,Shrink,Kısa,MORSE,228.1,383.9,453.5,LOW,0
BT40,Shrink,İnce,DIN6499,246.0,370.5,230.5,HIGH,1
HSK100,Pens&Bilyalı,Uzun,WELDON,308.4,738.6,314.2,HIGH,1
HSK100,Kollet,Uzun,WELDON,156.0,360.5,251.1,LOW,0
HSK100,Pens&Bilyalı,İnce,WELDON,255.7,703.7,282.7,HIGH,1
HSK63,Shrink,İnce,ER,246.5,372.4,233.3,HIGH,1
CAPTO,Kollet,İnce,DIN6499,32.3,83.8,170.9,LOW,0
BT40,Pens&Bilyalı,Kısa,DIN6499,93.4,173.9,326.9,LOW,0
BBT50,Pens&Bilyalı,İnce,WELDON,24.0,75.1,235.9,LOW,0
BT40,Pens&Bilyalı,Kısa,WELDON,260.0,983.9,324.9,MEDIUM,0
HSK100,Kollet,Uzun,DIN6499,307.4,480.5,299.5,HIGH,1
CAPTO,Kollet,Kısa,ER,79.6,230.3,243.9,LOW,0
BBT40,Kollet,İnce,MORSE,44.2,136.5,161.3,LOW,0
HSK63,Kollet,İnce,DIN6499,130.0,268.7,180.4,MEDIUM,0
BBT30,Shrink,İnce,WELDON,132.4,363.1,191.8,LOW,0
HSK63,Shrink,Kısa,WELDON,353.1,759.4,338.6,HIGH,1
HSK63,Shrink,İnce,WELDON,209.7,704.9,212.8,HIGH,1
BBT50,Shrink,Uzun,DIN6499,86.9,289.1,302.6,LOW,0
BBT50,Pens&Bilyalı,Uzun,DIN6499,8.5,20.7,287.9,LOW,0
BT40,Pens&Bilyalı,Kısa,WELDON,23.6,69.8,344.9,LOW,0
HSK63,Kollet,Kısa,DIN6499,38.8,95.5,235.1,LOW,0
BT40,Pens&Bilyalı,İnce,MORSE,50.0,121.5,209.8,LOW,0
CAPTO,Kollet,Uzun,MORSE,256.1,637.4,230.4,HIGH,1
BBT50,Shrink,Uzun,WELDON,308.1,943.1,327.3,HIGH,1
HSK63,Shrink,Uzun,ER,187.8,302.3,358.9,LOW,0
HSK63,Kollet,Kısa,DIN6499,96.6,336.7,339.0,LOW,0
BT40,Kollet,Kısa,ER,142.4,520.9,239.8,LOW,0
BT40,Kollet,Kısa,MORSE,239.6,417.4,231.3,HIGH,1
SK40,Pens&Bilyalı,Uzun,MORSE,0.7,1.8,174.3,LOW,0
HSK100,Kollet,Uzun,ER,255.8,767.2,247.6,HIGH,1
HSK100,Shrink,Kısa,DIN6499,225.7,619.6,449.7,LOW,0
HSK63,Kollet,İnce,WELDON,139.8,472.4,191.6,MEDIUM,0
BBT40,Shrink,İnce,DIN6499,25.6,78.8,285.6,LOW,0
BBT40,Pens&Bilyalı,Uzun,WELDON,110.1,292.5,261.3,LOW,0
HSK63,Kollet,Uzun,DIN6499,83.0,323.1,227.5,LOW,0
HSK63,Pens&Bilyalı,İnce,DIN6499,163.5,484.0,175.5,HIGH,1
BBT50,Pens&Bilyalı,Kısa,ER,36.1,65.7,285.3,LOW,0
BBT40,Shrink,Kısa,ER,207.4,336.2,370.9,LOW,0
HSK63,Shrink,Kısa,DIN6499,203.0,778.8,425.0,LOW,0
HSK63,Kollet,Kısa,MORSE,153.0,261.7,257.5,LOW,0
HSK100,Shrink,Kısa,MORSE,112.4,446.6,441.9,LOW,0
HSK100,Shrink,Kısa,MORSE,39.6,72.4,434.6,LOW,0
BBT40,Shrink,İnce,DIN6499,162.6,584.2,314.4,LOW,0
SK40,Pens&Bilyalı,Uzun,ER,150.2,386.0,215.5,LOW,0
BBT50,Kollet,İnce,WELDON,127.0,376.5,205.9,LOW,0
HSK100,Shrink,Kısa,WELDON,68.6,105.4,360.8,LOW,0
SK40,Shrink,Kısa,MORSE,131.2,328.3,374.0,LOW,0
BBT50,Kollet,Kısa,MORSE,97.2,172.1,309.5,LOW,0
BT40,Pens&Bilyalı,Kısa,MORSE,60.9,210.1,239.7,LOW,0
HSK63,Shrink,Kısa,DIN6499,403.4,717.9,448.9,MEDIUM,0
BBT40,Shrink,Kısa,ER,358.6,792.8,407.7,MEDIUM,0
CAPTO,Kollet,Kısa,DIN6499,251.5,979.8,269.7,HIGH,1
HSK63,Shrink,Kısa,DIN6499,345.2,521.6,424.5,MEDIUM,0
HSK100,Shrink,Kısa,MORSE,423.6,1518.2,546.1,MEDIUM,0
HSK63,Pens&Bilyalı,İnce,ER,94.6,285.0,179.5,LOW,0
BT40,Shrink,İnce,ER,33.5,57.9,213.1,LOW,0
BBT40,Shrink,İnce,DIN6499,292.1,701.8,360.0,MEDIUM,0
BBT40,Shrink,Uzun,ER,329.7,1041.6,380.1,MEDIUM,0
SK40,Pens&Bilyalı,İnce,MORSE,30.5,68.8,185.1,LOW,0
BBT40,Shrink,İnce,WELDON,27.9,92.5,194.7,LOW,0
HSK63,Kollet,Uzun,DIN6499,241.9,416.4,256.5,HIGH,1
HSK100,Shrink,Kısa,WELDON,314.0,1060.3,440.6,MEDIUM,0
HSK100,Kollet,İnce,MORSE,91.7,291.4,154.3,LOW,0
HSK63,Shrink,İnce,WELDON,123.0,219.8,230.6,LOW,0
HSK63,Shrink,Uzun,DIN6499,182.5,585.3,328.2,LOW,0
BT40,Shrink,Kısa,DIN6499,26.8,94.8,356.7,LOW,0
HSK63,Pens&Bilyalı,Kısa,ER,64.1,154.0,247.0,LOW,0
HSK63,Pens&Bilyalı,İnce,ER,77.4,157.1,195.3,LOW,0
BBT40,Shrink,Kısa,ER,207.8,684.2,394.4,LOW,0
HSK63,Shrink,İnce,ER,150.4,230.1,236.9,LOW,0
HSK63,Pens&Bilyalı,Kısa,DIN6499,244.1,799.7,236.5,HIGH,1
BBT30,Kollet,İnce,DIN6499,124.9,244.7,156.2,MEDIUM,0
HSK63,Shrink,İnce,ER,120.5,343.8,270.0,LOW,0
BBT40,Shrink,Kısa,DIN6499,381.0,1116.5,344.8,HIGH,1
HSK63,Pens&Bilyalı,Uzun,WELDON,272.0,756.1,246.7,HIGH,1
BT40,Shrink,Kısa,WELDON,381.0,775.6,341.6,HIGH,1
HSK63,Pens&Bilyalı,İnce,DIN6499,201.1,394.0,232.0,MEDIUM,0
BBT40,Shrink,Uzun,ER,428.6,888.5,387.4,HIGH,1
BBT40,Kollet,İnce,ER,90.6,269.7,216.3,LOW,0
BBT30,Pens&Bilyalı,Uzun,DIN6499,65.6,120.4,208.6,LOW,0
BBT40,Pens&Bilyalı,Kısa,MORSE,184.2,371.1,321.2,LOW,0
HSK63,Shrink,Kısa,ER,246.0,795.1,304.9,MEDIUM,0
HSK63,Shrink,İnce,MORSE,183.1,647.6,243.4,MEDIUM,0
CAPTO,Shrink,Kısa,ER,181.7,723.9,382.8,LOW,0
HSK63,Kollet,Uzun,DIN6499,201.1,506.7,266.4,MEDIUM,0
BBT50,Kollet,Uzun,DIN6499,53.7,106.7,273.4,LOW,0
SK40,Pens&Bilyalı,Uzun,WELDON,87.1,343.6,216.0,LOW,0
HSK100,Kollet,Kısa,DIN6499,178.4,598.9,269.5,LOW,0
HSK100,Kollet,Kısa,ER,317.9,1213.7,286.1,HIGH,1
BT40,Shrink,İnce,ER,324.3,585.8,285.0,HIGH,1
BBT40,Shrink,Uzun,DIN6499,423.1,724.3,390.3,HIGH,1
HSK100,Pens&Bilyalı,İnce,MORSE,247.7,603.3,250.1,HIGH,1
HSK100,Pens&Bilyalı,İnce,ER,310.7,639.8,274.4,HIGH,1
SK40,Pens&Bilyalı,Uzun,DIN6499,93.5,329.1,229.1,LOW,0
HSK100,Kollet,Uzun,MORSE,197.6,492.6,218.2,HIGH,1
BBT50,Shrink,İnce,ER,309.0,838.2,272.4,HIGH,1
BBT50,Pens&Bilyalı,Uzun,WELDON,68.1,230.7,276.7,LOW,0
BT40,Shrink,İnce,DIN6499,119.1,256.6,301.4,LOW,0
BBT40,Pens&Bilyalı,Uzun,DIN6499,115.2,214.9,272.6,LOW,0
SK40,Shrink,İnce,WELDON,138.4,279.5,231.8,LOW,0
BT40,Pens&Bilyalı,Kısa,ER,156.2,439.9,258.7,LOW,0
BT40,Pens&Bilyalı,Uzun,ER,325.3,995.1,286.5,HIGH,1
HSK63,Pens&Bilyalı,Kısa,WELDON,34.0,121.3,309.2,LOW,0
HSK63,Shrink,Kısa,MORSE,344.4,1003.9,378.3,HIGH,1
HSK100,Shrink,İnce,WELDON,16.5,35.7,236.6,LOW,0
HSK63,Pens&Bilyalı,İnce,WELDON,64.9,165.5,210.4,LOW,0
BBT40,Kollet,Uzun,WELDON,187.4,514.7,233.2,MEDIUM,0
BT40,Kollet,Uzun,MORSE,121.6,352.7,249.8,LOW,0
HSK63,Kollet,Kısa,MORSE,211.7,661.8,241.9,MEDIUM,0
HSK63,Pens&Bilyalı,Uzun,DIN6499,41.8,146.5,272.1,LOW,0
HSK63,Pens&Bilyalı,İnce,ER,31.9,97.1,175.9,LOW,0
HSK100,Kollet,Uzun,ER,162.4,451.5,251.2,LOW,0
HSK63,Kollet,Kısa,MORSE,44.5,100.3,343.2,LOW,0
HSK63,Kollet,Kısa,DIN6499,227.4,878.0,295.3,MEDIUM,0
SK40,Pens&Bilyalı,Kısa,WELDON,174.3,324.5,252.8,LOW,0
BBT40,Shrink,İnce,WELDON,294.4,1175.1,269.1,HIGH,1
HSK63,Shrink,Uzun,ER,58.9,176.9,376.2,LOW,0
BT40,Shrink,Kısa,DIN6499,372.5,1363.2,387.9,HIGH,1
CAPTO,Kollet,İnce,WELDON,219.6,806.3,202.3,HIGH,1
HSK63,Kollet,İnce,MORSE,21.9,73.1,160.2,LOW,0
HSK63,Kollet,Kısa,DIN6499,223.5,503.7,250.8,MEDIUM,0
BT40,Shrink,Kısa,DIN6499,282.6,907.2,352.7,MEDIUM,0
HSK63,Shrink,Kısa,WELDON,279.1,486.5,368.8,MEDIUM,0
BBT40,Pens&Bilyalı,Uzun,MORSE,103.2,363.4,250.9,LOW,0
HSK63,Kollet,İnce,WELDON,96.6,251.2,179.9,LOW,0
BBT30,Pens&Bilyalı,Uzun,DIN6499,121.2,374.4,179.2,LOW,0
BT40,Shrink,İnce,DIN6499,74.3,199.6,295.3,LOW,0
BT40,Kollet,Kısa,MORSE,111.4,263.1,275.0,LOW,0
BBT40,Pens&Bilyalı,Kısa,WELDON,4.1,10.4,241.1,LOW,0
HSK63,Shrink,Kısa,ER,236.8,490.6,285.1,MEDIUM,0
CAPTO,Shrink,İnce,MORSE,159.4,586.5,208.1,MEDIUM,0
HSK63,Kollet,Uzun,WELDON,164.0,286.8,241.8,LOW,0
HSK63,Shrink,İnce,WELDON,75.9,197.8,233.5,LOW,0
BBT30,Kollet,Kısa,MORSE,159.8,610.8,221.8,MEDIUM,0
BT40,Pens&Bilyalı,Uzun,MORSE,148.4,447.6,191.8,MEDIUM,0
BBT40,Pens&Bilyalı,Kısa,MORSE,38.7,132.2,300.8,LOW,0
HSK63,Shrink,İnce,DIN6499,82.5,269.4,188.8,LOW,0
CAPTO,Pens&Bilyalı,Kısa,DIN6499,9.5,19.9,304.1,LOW,0
BBT50,Pens&Bilyalı,İnce,WELDON,251.9,1007.0,227.0,HIGH,1
BT40,Shrink,Uzun,WELDON,248.0,864.1,431.5,LOW,0
HSK63,Kollet,Uzun,MORSE,267.5,710.5,244.0,HIGH,1
BBT40,Shrink,Kısa,MORSE,116.1,342.6,388.8,LOW,0
BBT30,Pens&Bilyalı,İnce,MORSE,142.1,517.4,182.8,MEDIUM,0
HSK63,Pens&Bilyalı,Kısa,DIN6499,43.6,121.0,331.0,LOW,0
BT40,Pens&Bilyalı,İnce,MORSE,170.4,433.8,180.3,HIGH,1
BBT40,Kollet,Uzun,MORSE,252.1,842.1,291.8,MEDIUM,0
BBT40,Kollet,İnce,MORSE,245.2,423.7,228.9,HIGH,1
HSK100,Pens&Bilyalı,Uzun,DIN6499,225.7,386.8,300.9,MEDIUM,0
HSK63,Shrink,İnce,DIN6499,128.6,221.6,231.4,LOW,0
HSK63,Kollet,Kısa,MORSE,183.1,435.2,282.9,LOW,0
HSK63,Kollet,İnce,DIN6499,120.4,256.8,205.5,LOW,0
HSK63,Kollet,Uzun,ER,149.4,473.4,224.5,LOW,0
HSK100,Shrink,İnce,MORSE,172.7,592.1,310.1,LOW,0
HSK63,Pens&Bilyalı,Kısa,WELDON,1.2,2.9,275.3,LOW,0
BBT30,Shrink,Uzun,WELDON,234.6,462.6,266.3,MEDIUM,0
HSK63,Kollet,İnce,ER,157.1,342.8,159.8,HIGH,1
BT40,Shrink,İnce,WELDON,283.4,752.7,254.4,HIGH,1
BBT40,Shrink,Uzun,WELDON,310.5,616.5,274.1,HIGH,1
BBT40,Shrink,Uzun,DIN6499,223.5,718.8,348.8,LOW,0
BBT40,Kollet,Kısa,MORSE,278.9,801.0,255.1,HIGH,1
HSK63,Shrink,İnce,WELDON,118.3,248.3,240.0,LOW,0
BT40,Kollet,Uzun,DIN6499,24.7,45.5,239.6,LOW,0
BBT40,Shrink,İnce,DIN6499,215.0,623.1,292.5,MEDIUM,0
SK40,Kollet,İnce,WELDON,59.3,150.9,133.0,LOW,0
BT40,Kollet,İnce,ER,8.2,23.1,161.0,LOW,0
BBT40,Pens&Bilyalı,İnce,WELDON,107.2,297.0,194.8,LOW,0
HSK63,Pens&Bilyalı,Uzun,MORSE,93.4,358.6,252.4,LOW,0
HSK100,Shrink,İnce,DIN6499,119.0,309.1,366.3,LOW,0
BBT40,Pens&Bilyalı,Uzun,MORSE,242.7,413.6,217.3,HIGH,1
BBT50,Shrink,Uzun,WELDON,196.6,712.9,397.5,LOW,0
BT40,Shrink,İnce,WELDON,156.1,602.6,244.6,LOW,0
BT40,Kollet,Kısa,WELDON,93.7,229.7,212.3,LOW,0
BBT40,Shrink,Kısa,MORSE,135.4,383.6,344.1,LOW,0
SK40,Pens&Bilyalı,Kısa,ER,78.4,247.4,272.4,LOW,0
BBT50,Shrink,İnce,WELDON,318.5,1007.9,327.2,HIGH,1
BBT40,Pens&Bilyalı,Uzun,DIN6499,311.7,1101.6,285.4,HIGH,1
BBT30,Kollet,İnce,WELDON,126.0,433.3,134.9,HIGH,1
BT40,Kollet,Uzun,MORSE,186.7,330.9,195.6,HIGH,1
HSK63,Shrink,Kısa,ER,207.4,673.4,397.9,LOW,0
BBT50,Shrink,Uzun,ER,140.5,250.3,333.7,LOW,0
HSK63,Pens&Bilyalı,Kısa,ER,37.1,66.8,313.9,LOW,0
BBT40,Pens&Bilyalı,Uzun,MORSE,134.1,277.8,316.5,LOW,0
CAPTO,Shrink,İnce,MORSE,109.6,371.3,293.4,LOW,0
SK40,Pens&Bilyalı,Kısa,DIN6499,1.8,7.2,255.3,LOW,0
HSK63,Kollet,İnce,ER,201.1,407.1,187.1,HIGH,1
BT40,Kollet,İnce,MORSE,76.1,297.8,154.7,LOW,0
BT40,Kollet,Kısa,ER,76.4,118.7,234.4,LOW,0
BT40,Pens&Bilyalı,İnce,ER,51.5,189.0,205.4,LOW,0
BBT50,Pens&Bilyalı,Kısa,ER,229.9,363.6,322.3,MEDIUM,0
BT40,Pens&Bilyalı,İnce,MORSE,0.5,1.3,186.8,LOW,0
BBT40,Kollet,Uzun,DIN6499,89.4,242.8,269.5,LOW,0
HSK63,Kollet,Kısa,DIN6499,118.3,443.1,268.0,LOW,0
SK40,Shrink,Uzun,WELDON,39.9,92.2,313.4,LOW,0
BT40,Pens&Bilyalı,Uzun,MORSE,282.2,888.7,275.8,HIGH,1
BBT40,Shrink,Kısa,WELDON,5.1,19.4,294.6,LOW,0
SK40,Shrink,Uzun,DIN6499,197.3,534.3,271.7,MEDIUM,0
HSK100,Shrink,Kısa,MORSE,304.7,556.4,446.3,LOW,0
BBT30,Kollet,İnce,ER,110.4,167.7,138.5,MEDIUM,0
BBT40,Pens&Bilyalı,Kısa,WELDON,142.8,485.5,309.3,LOW,0
BT40,Shrink,Kısa,MORSE,29.0,90.4,341.0,LOW,0
HSK63,Shrink,Uzun,DIN6499,304.0,574.5,319.5,HIGH,1
HSK100,Shrink,Kısa,WELDON,56.0,121.6,426.1,LOW,0
BT40,Shrink,Kısa,ER,141.2,525.7,379.9,LOW,0
HSK100,Kollet,İnce,DIN6499,156.9,263.2,243.4,LOW,0
BT40,Pens&Bilyalı,İnce,WELDON,156.9,334.5,156.0,HIGH,1
BBT40,Pens&Bilyalı,İnce,DIN6499,108.5,410.4,189.6,LOW,0
BT40,Kollet,Uzun,WELDON,203.2,319.0,213.5,HIGH,1
BT40,Pens&Bilyalı,Kısa,DIN6499,46.7,134.4,277.3,LOW,0
SK40,Shrink,İnce,MORSE,63.2,106.0,216.2,LOW,0
BT40,Pens&Bilyalı,İnce,MORSE,80.6,213.7,177.0,LOW,0
BT40,Shrink,Uzun,DIN6499,276.1,731.7,328.4,MEDIUM,0
BBT40,Shrink,İnce,WELDON,276.5,701.6,304.1,HIGH,1
BBT40,Pens&Bilyalı,Uzun,DIN6499,243.1,414.0,252.3,HIGH,1
CAPTO,Kollet,Kısa,WELDON,249.0,651.3,264.5,HIGH,1
BBT40,Shrink,Kısa,WELDON,475.5,738.0,426.5,HIGH,1
BT40,Pens&Bilyalı,İnce,DIN6499,89.2,339.6,184.8,LOW,0
BBT50,Shrink,Kısa,MORSE,93.9,359.6,348.5,LOW,0
CAPTO,Shrink,Kısa,ER,317.2,767.8,312.2,HIGH,1
BBT30,Shrink,Kısa,WELDON,24.8,93.2,277.1,LOW,0
BT40,Shrink,İnce,ER,29.8,77.9,250.4,LOW,0
BBT40,Shrink,Kısa,MORSE,41.7,130.7,345.8,LOW,0
HSK63,Shrink,Uzun,WELDON,36.7,64.0,444.4,LOW,0
BBT50,Pens&Bilyalı,Kısa,DIN6499,357.9,688.2,366.4,HIGH,1
BBT50,Pens&Bilyalı,Uzun,DIN6499,112.0,224.1,269.6,LOW,0
HSK63,Kollet,Kısa,ER,152.6,407.5,211.1,MEDIUM,0
HSK63,Shrink,İnce,DIN6499,207.1,610.3,251.1,MEDIUM,0
BT40,Shrink,İnce,ER,112.3,193.0,199.9,LOW,0
BT40,Pens&Bilyalı,İnce,MORSE,1.5,5.1,173.8,LOW,0
BT40,Shrink,Uzun,MORSE,177.7,293.4,256.8,LOW,0
BT40,Shrink,Kısa,ER,72.8,145.4,358.2,LOW,0
BT40,Kollet,İnce,MORSE,101.9,363.7,156.1,LOW,0
BBT30,Pens&Bilyalı,Kısa,WELDON,138.7,388.7,231.5,LOW,0
HSK63,Kollet,Uzun,WELDON,10.6,29.5,288.8,LOW,0
CAPTO,Kollet,Kısa,MORSE,101.6,324.5,259.6,LOW,0
BBT50,Kollet,İnce,WELDON,64.7,100.3,181.2,LOW,0
BT40,Kollet,İnce,MORSE,146.9,387.1,184.3,MEDIUM,0
BBT40,Pens&Bilyalı,Uzun,ER,293.8,449.7,352.9,MEDIUM,0
SK40,Pens&Bilyalı,İnce,DIN6499,19.2,63.6,229.4,LOW,0
BT40,Kollet,Uzun,ER,284.5,754.3,248.7,HIGH,1
HSK63,Pens&Bilyalı,Kısa,MORSE,317.7,1197.1,315.6,HIGH,1
BBT30,Kollet,İnce,MORSE,85.2,264.3,130.0,LOW,0
BBT40,Kollet,Kısa,WELDON,316.8,510.0,311.9,HIGH,1
BT40,Kollet,Uzun,ER,179.8,396.6,235.7,MEDIUM,0
SK40,Kollet,İnce,DIN6499,167.9,492.5,153.8,HIGH,1
SK40,Pens&Bilyalı,Kısa,WELDON,295.9,765.3,287.7,HIGH,1
BT40,Shrink,Kısa,MORSE,474.8,1884.2,426.1,HIGH,1
HSK63,Shrink,Kısa,DIN6499,60.3,128.9,366.0,LOW,0
BT40,Kollet,Uzun,WELDON,153.7,608.6,209.1,MEDIUM,0
CAPTO,Kollet,Uzun,WELDON,79.5,230.7,262.0,LOW,0
BT40,Pens&Bilyalı,Kısa,ER,112.3,180.1,304.8,LOW,0
HSK100,Kollet,Uzun,ER,132.4,247.1,275.3,LOW,0
HSK63,Shrink,Uzun,ER,419.6,1451.4,367.6,HIGH,1
BBT30,Kollet,İnce,ER,5.3,16.1,125.4,LOW,0
SK40,Pens&Bilyalı,Uzun,WELDON,284.7,928.9,304.2,HIGH,1
BT40,Pens&Bilyalı,Uzun,ER,32.9,104.8,262.1,LOW,0
BT40,Pens&Bilyalı,İnce,MORSE,67.1,200.5,197.3,LOW,0
BBT40,Kollet,Uzun,DIN6499,65.7,182.1,274.4,LOW,0
HSK63,Pens&Bilyalı,Kısa,WELDON,104.4,372.1,306.5,LOW,0
BBT40,Pens&Bilyalı,Kısa,ER,247.5,429.5,278.9,MEDIUM,0
BBT40,Kollet,Uzun,MORSE,77.3,187.6,262.1,LOW,0
HSK100,Kollet,İnce,MORSE,230.8,508.0,203.9,HIGH,1
HSK63,Kollet,Kısa,ER,187.0,688.1,252.7,MEDIUM,0
HSK100,Shrink,Uzun,WELDON,329.5,996.7,358.9,HIGH,1
BBT40,Pens&Bilyalı,Kısa,DIN6499,59.2,213.3,362.8,LOW,0
BBT40,Shrink,Kısa,DIN6499,397.4,608.7,381.9,HIGH,1
BBT40,Kollet,Uzun,ER,5.5,9.4,222.4,LOW,0
SK40,Shrink,Uzun,DIN6499,338.9,955.9,311.9,HIGH,1
CAPTO,Pens&Bilyalı,Uzun,WELDON,50.9,107.8,305.4,LOW,0
BT40,Kollet,İnce,ER,40.5,76.9,177.5,LOW,0
BT40,Pens&Bilyalı,Uzun,ER,159.5,337.5,287.2,LOW,0
HSK63,Shrink,İnce,MORSE,196.4,443.7,211.1,HIGH,1
HSK63,Kollet,Kısa,MORSE,12.5,25.3,248.1,LOW,0
BBT50,Shrink,Kısa,ER,151.1,318.7,423.3,LOW,0
SK40,Shrink,İnce,WELDON,83.6,188.4,230.8,LOW,0
HSK100,Shrink,Uzun,DIN6499,412.6,623.2,446.0,HIGH,1
BBT30,Pens&Bilyalı,Kısa,ER,114.3,294.2,200.3,LOW,0
BBT50,Kollet,Kısa,MORSE,3.5,8.2,289.5,LOW,0
BT40,Kollet,Uzun,MORSE,136.7,324.6,218.2,LOW,0
HSK63,Kollet,Uzun,WELDON,5.0,14.6,278.7,LOW,0
HSK63,Kollet,İnce,DIN6499,125.1,461.3,144.2,MEDIUM,0
HSK63,Shrink,Uzun,WELDON,49.6,108.6,316.2,LOW,0
BT40,Pens&Bilyalı,Kısa,MORSE,45.8,159.1,286.3,LOW,0
BBT40,Pens&Bilyalı,Kısa,MORSE,286.5,581.0,336.5,MEDIUM,0
BBT40,Pens&Bilyalı,Uzun,DIN6499,329.3,716.7,300.8,HIGH,1
BBT40,Shrink,Uzun,MORSE,122.4,452.3,390.7,LOW,0
BT40,Pens&Bilyalı,Kısa,WELDON,196.4,469.9,281.6,LOW,0
BBT30,Kollet,Uzun,MORSE,142.9,547.1,154.5,HIGH,1
BBT30,Pens&Bilyalı,Uzun,MORSE,81.1,207.8,203.0,LOW,0
BT40,Pens&Bilyalı,Kısa,DIN6499,340.7,1257.8,344.9,HIGH,1
BBT50,Pens&Bilyalı,İnce,ER,8.0,12.2,229.8,LOW,0
HSK63,Shrink,Uzun,DIN6499,211.0,833.0,316.7,LOW,0
BBT50,Shrink,Kısa,ER,251.5,635.9,454.5,LOW,0
BBT50,Pens&Bilyalı,Uzun,DIN6499,52.0,167.1,236.5,LOW,0
BBT50,Shrink,Kısa,WELDON,243.6,557.3,373.6,LOW,0
BT40,Kollet,Kısa,DIN6499,155.7,261.4,264.0,LOW,0
BT40,Pens&Bilyalı,İnce,WELDON,141.7,529.6,212.9,LOW,0
BT40,Pens&Bilyalı,Kısa,MORSE,98.1,376.8,259.2,LOW,0
BT40,Kollet,Kısa,MORSE,47.7,82.2,198.1,LOW,0
BBT50,Kollet,Uzun,MORSE,216.2,653.3,312.2,LOW,0
BBT50,Shrink,Uzun,WELDON,68.8,196.3,361.0,LOW,0
BBT40,Pens&Bilyalı,İnce,ER,215.0,460.2,195.6,HIGH,1
CAPTO,Shrink,İnce,MORSE,76.3,138.5,221.6,LOW,0
HSK100,Kollet,Uzun,DIN6499,171.4,452.2,253.2,LOW,0
BBT40,Kollet,Uzun,WELDON,240.5,522.2,272.8,MEDIUM,0
CAPTO,Pens&Bilyalı,İnce,ER,171.0,420.8,220.1,MEDIUM,0
BBT30,Pens&Bilyalı,İnce,ER,40.1,69.3,174.3,LOW,0
BBT40,Kollet,Kısa,WELDON,27.2,97.6,350.9,LOW,0
BBT50,Kollet,Kısa,ER,212.2,665.7,297.1,MEDIUM,0
BBT40,Kollet,Kısa,DIN6499,188.2,709.2,349.6,LOW,0
CAPTO,Kollet,Uzun,MORSE,79.9,123.0,200.6,LOW,0
BBT40,Shrink,Uzun,WELDON,340.3,805.7,353.9,HIGH,1
HSK100,Shrink,Kısa,MORSE,117.3,271.1,381.3,LOW,0
HSK100,Pens&Bilyalı,Kısa,ER,220.9,377.9,327.4,LOW,0
HSK63,Kollet,Kısa,MORSE,253.5,907.3,306.9,MEDIUM,0
BBT40,Kollet,Kısa,MORSE,352.1,606.3,319.5,HIGH,1
BT40,Pens&Bilyalı,İnce,DIN6499,122.0,253.1,189.2,LOW,0
HSK63,Shrink,Kısa,WELDON,126.2,491.4,337.7,LOW,0
HSK63,Shrink,İnce,ER,11.7,42.7,255.7,LOW,0
HSK63,Pens&Bilyalı,İnce,WELDON,221.4,566.2,195.0,HIGH,1
HSK63,Pens&Bilyalı,Kısa,MORSE,81.7,240.1,291.0,LOW,0
BBT50,Pens&Bilyalı,Kısa,ER,300.1,863.0,311.7,HIGH,1
BBT40,Shrink,Uzun,MORSE,450.6,1789.6,458.5,HIGH,1
BT40,Kollet,İnce,ER,37.8,95.5,197.8,LOW,0
BT40,Pens&Bilyalı,İnce,DIN6499,84.9,240.2,206.0,LOW,0
BBT50,Shrink,Uzun,DIN6499,265.1,545.4,382.7,LOW,0
HSK63,Shrink,İnce,ER,91.5,276.8,233.5,LOW,0
BT40,Pens&Bilyalı,Uzun,MORSE,331.2,777.0,323.3,HIGH,1
HSK63,Pens&Bilyalı,Uzun,ER,263.5,516.6,291.3,HIGH,1
BBT30,Pens&Bilyalı,Kısa,MORSE,93.7,198.8,189.3,LOW,0
HSK100,Kollet,İnce,MORSE,29.8,98.1,176.0,LOW,0
BT40,Shrink,İnce,DIN6499,23.0,56.5,216.6,LOW,0
BT40,Pens&Bilyalı,Kısa,MORSE,212.0,805.2,278.4,MEDIUM,0
BBT30,Kollet,İnce,MORSE,89.9,175.8,140.0,LOW,0
HSK63,Pens&Bilyalı,Kısa,ER,78.8,233.2,269.0,LOW,0
CAPTO,Shrink,Kısa,ER,154.7,281.7,414.8,LOW,0
HSK63,Shrink,İnce,MORSE,162.2,292.9,236.0,LOW,0
BBT40,Shrink,Uzun,MORSE,9.2,30.1,311.9,LOW,0
HSK100,Shrink,Kısa,WELDON,118.0,178.7,372.2,LOW,0
HSK100,Shrink,İnce,MORSE,24.4,72.4,309.6,LOW,0
BBT50,Shrink,Kısa,WELDON,91.9,314.3,305.9,LOW,0
HSK63,Kollet,Kısa,WELDON,175.4,559.5,279.0,LOW,0
HSK63,Kollet,Kısa,WELDON,91.0,257.3,277.3,LOW,0
BBT50,Kollet,Kısa,WELDON,176.7,554.4,333.2,LOW,0
BBT40,Shrink,İnce,DIN6499,26.5,97.9,228.5,LOW,0
SK40,Kollet,Uzun,DIN6499,53.4,178.4,172.7,LOW,0
BT40,Pens&Bilyalı,Kısa,MORSE,39.3,94.0,345.8,LOW,0
HSK100,Kollet,Kısa,ER,54.8,155.4,293.8,LOW,0
CAPTO,Kollet,Uzun,WELDON,157.1,271.8,290.8,LOW,0
BT40,Pens&Bilyalı,İnce,MORSE,103.7,210.5,229.3,LOW,0
HSK63,Pens&Bilyalı,Uzun,WELDON,36.9,147.0,230.5,LOW,0
BT40,Kollet,Uzun,WELDON,23.1,42.6,258.7,LOW,0
HSK100,Kollet,İnce,MORSE,37.6,146.0,217.5,LOW,0
BBT40,Kollet,İnce,ER,156.6,523.3,213.6,MEDIUM,0
HSK63,Pens&Bilyalı,Kısa,MORSE,278.2,459.1,279.2,HIGH,1
HSK63,Pens&Bilyalı,Uzun,DIN6499,320.8,1082.0,336.0,HIGH,1
HSK63,Shrink,Kısa,ER,126.0,448.3,301.4,LOW,0
BBT50,Pens&Bilyalı,Uzun,WELDON,259.7,794.8,247.9,HIGH,1
SK40,Kollet,İnce,WELDON,19.1,39.0,149.6,LOW,0
CAPTO,Shrink,Uzun,MORSE,300.4,780.5,334.3,MEDIUM,0
BT40,Kollet,Kısa,MORSE,191.4,630.0,264.2,MEDIUM,0
CAPTO,Pens&Bilyalı,Kısa,ER,39.4,109.1,237.3,LOW,0
BBT40,Kollet,Uzun,DIN6499,147.9,328.5,246.9,LOW,0
BT40,Shrink,İnce,DIN6499,113.6,385.3,169.8,LOW,0
BT40,Shrink,Kısa,DIN6499,165.2,510.5,347.8,LOW,0
BT40,Shrink,İnce,WELDON,180.5,614.0,254.5,MEDIUM,0
BT40,Shrink,Uzun,MORSE,384.6,1360.5,364.1,HIGH,1
BT40,Pens&Bilyalı,Kısa,ER,51.7,109.3,251.9,LOW,0
HSK63,Shrink,Uzun,MORSE,236.3,399.3,381.8,LOW,0
CAPTO,Pens&Bilyalı,İnce,ER,187.3,493.9,192.8,HIGH,1
BT40,Kollet,Uzun,ER,225.2,572.2,249.8,HIGH,1
BBT30,Kollet,Uzun,DIN6499,196.1,636.4,178.3,HIGH,1
HSK63,Pens&Bilyalı,İnce,WELDON,131.1,422.8,192.6,LOW,0
CAPTO,Shrink,Kısa,ER,136.6,494.7,362.8,LOW,0
BBT50,Shrink,İnce,ER,34.3,122.0,299.9,LOW,0
HSK63,Pens&Bilyalı,Uzun,WELDON,272.6,513.1,287.9,HIGH,1
SK40,Shrink,İnce,ER,108.4,284.0,159.5,LOW,0
BBT40,Kollet,Kısa,ER,38.5,124.2,252.7,LOW,0
HSK63,Shrink,Uzun,WELDON,152.7,398.9,324.0,LOW,0
HSK63,Shrink,Kısa,DIN6499,56.6,176.4,386.3,LOW,0
BBT40,Shrink,Kısa,MORSE,235.6,560.5,345.7,LOW,0
BT40,Shrink,Uzun,WELDON,264.6,761.3,343.4,MEDIUM,0
BT40,Shrink,Kısa,WELDON,351.4,1402.9,323.3,HIGH,1
SK40,Pens&Bilyalı,İnce,DIN6499,28.4,87.2,208.2,LOW,0
HSK63,Shrink,Kısa,ER,92.0,308.5,390.9,LOW,0
HSK63,Shrink,İnce,MORSE,228.4,776.7,264.8,MEDIUM,0
CAPTO,Kollet,İnce,DIN6499,30.6,91.9,165.7,LOW,0
BBT40,Kollet,Kısa,DIN6499,254.4,925.8,261.8,HIGH,1
BBT50,Shrink,Kısa,WELDON,452.5,996.4,486.1,HIGH,1
CAPTO,Shrink,Uzun,MORSE,193.8,306.8,273.1,MEDIUM,0
HSK63,Kollet,İnce,MORSE,156.7,387.9,184.2,MEDIUM,0
BT40,Kollet,İnce,WELDON,5.4,18.5,171.6,LOW,0
BBT50,Shrink,Uzun,ER,323.7,787.8,466.7,LOW,0
BT40,Kollet,Kısa,MORSE,74.8,113.2,278.3,LOW,0
HSK100,Pens&Bilyalı,İnce,DIN6499,15.4,52.2,240.1,LOW,0
BBT30,Kollet,Uzun,DIN6499,130.7,384.6,140.6,HIGH,1
BBT40,Shrink,İnce,DIN6499,223.3,645.4,285.5,MEDIUM,0
HSK100,Kollet,Kısa,DIN6499,274.3,1057.6,297.7,HIGH,1
HSK63,Pens&Bilyalı,Kısa,MORSE,88.2,228.5,267.9,LOW,0
BBT40,Shrink,İnce,WELDON,284.6,639.1,291.0,HIGH,1
BBT30,Shrink,İnce,MORSE,152.5,480.4,215.1,MEDIUM,0
CAPTO,Shrink,Uzun,WELDON,151.7,412.7,309.8,LOW,0
SK40,Kollet,Uzun,DIN6499,37.7,102.5,167.0,LOW,0
CAPTO,Pens&Bilyalı,İnce,DIN6499,113.0,346.1,237.7,LOW,0
HSK63,Shrink,İnce,DIN6499,177.7,520.8,256.3,LOW,0
BT40,Shrink,İnce,DIN6499,185.6,740.4,210.5,MEDIUM,0
BT40,Kollet,İnce,ER,47.7,133.8,159.8,LOW,0
HSK63,Shrink,İnce,WELDON,305.0,1024.2,285.0,HIGH,1
HSK63,Kollet,Kısa,MORSE,273.2,424.5,307.8,MEDIUM,0
BBT50,Kollet,Kısa,ER,380.7,888.0,354.8,HIGH,1
BT40,Pens&Bilyalı,Kısa,WELDON,126.7,330.4,244.7,LOW,0
HSK100,Shrink,Kısa,MORSE,304.0,1094.5,306.5,HIGH,1
BT40,Shrink,Uzun,ER,424.1,1315.1,390.4,HIGH,1
BBT40,Shrink,Uzun,ER,339.7,588.6,363.6,HIGH,1
CAPTO,Pens&Bilyalı,Kısa,ER,16.1,37.5,247.7,LOW,0
BT40,Kollet,Kısa,DIN6499,26.2,85.5,277.9,LOW,0
BBT30,Shrink,İnce,ER,70.1,252.8,192.6,LOW,0
BT40,Pens&Bilyalı,Kısa,DIN6499,85.4,305.1,315.9,LOW,0
BT40,Shrink,Kısa,ER,79.6,135.0,294.3,LOW,0
BBT40,Shrink,Kısa,ER,420.5,1035.3,452.9,HIGH,1
BT40,Shrink,İnce,MORSE,237.0,371.2,223.9,HIGH,1
BT40,Pens&Bilyalı,İnce,DIN6499,238.6,523.2,220.2,HIGH,1
HSK100,Shrink,İnce,MORSE,157.4,369.4,243.4,LOW,0
HSK63,Pens&Bilyalı,Kısa,WELDON,72.9,279.2,267.9,LOW,0
BBT40,Shrink,Kısa,DIN6499,287.5,1090.4,397.5,MEDIUM,0
BBT40,Shrink,İnce,ER,5.5,18.2,248.8,LOW,0
BBT30,Shrink,İnce,WELDON,158.0,611.9,194.5,MEDIUM,0
BBT50,Shrink,Uzun,DIN6499,23.6,46.8,307.1,LOW,0
SK40,Pens&Bilyalı,İnce,MORSE,88.6,239.9,168.7,LOW,0
HSK100,Shrink,Uzun,WELDON,357.2,1043.4,438.7,MEDIUM,0
HSK63,Kollet,İnce,MORSE,11.2,36.3,190.5,LOW,0
HSK63,Kollet,Uzun,ER,181.0,489.8,221.2,MEDIUM,0
BT40,Pens&Bilyalı,Kısa,DIN6499,78.2,280.6,295.1,LOW,0
HSK63,Kollet,Kısa,DIN6499,115.1,352.8,226.9,LOW,0
BT40,Pens&Bilyalı,Kısa,MORSE,51.1,127.8,266.5,LOW,0
HSK100,Shrink,Uzun,ER,313.1,615.7,387.1,MEDIUM,0
BBT40,Pens&Bilyalı,İnce,ER,4.0,9.1,235.5,LOW,0
HSK100,Pens&Bilyalı,İnce,MORSE,42.3,97.4,222.5,LOW,0
HSK63,Kollet,Uzun,MORSE,150.7,383.1,239.7,LOW,0
BT40,Shrink,Uzun,WELDON,148.7,291.7,302.6,LOW,0
HSK100,Pens&Bilyalı,Kısa,DIN6499,440.4,1311.9,384.3,HIGH,1
BT40,Pens&Bilyalı,İnce,MORSE,98.8,302.5,192.2,LOW,0
SK40,Shrink,İnce,MORSE,168.0,559.1,295.2,LOW,0
CAPTO,Kollet,Kısa,WELDON,104.3,296.7,214.2,LOW,0
BBT30,Pens&Bilyalı,Kısa,MORSE,55.6,169.4,241.5,LOW,0
BT40,Pens&Bilyalı,İnce,MORSE,201.5,603.3,193.9,HIGH,1
HSK63,Shrink,Kısa,DIN6499,218.1,726.2,428.6,LOW,0
HSK63,Shrink,İnce,WELDON,214.5,676.8,196.4,HIGH,1
HSK63,Kollet,Kısa,WELDON,104.5,346.0,267.3,LOW,0
BBT40,Shrink,Uzun,DIN6499,31.4,69.7,349.1,LOW,0
BBT50,Pens&Bilyalı,İnce,ER,131.0,253.0,242.4,LOW,0
HSK100,Shrink,Uzun,WELDON,171.0,586.2,373.4,LOW,0
BBT40,Pens&Bilyalı,Kısa,MORSE,293.4,753.6,276.9,HIGH,1
BT40,Kollet,Uzun,MORSE,150.9,277.4,230.5,LOW,0
HSK63,Pens&Bilyalı,Kısa,WELDON,234.9,420.0,314.1,MEDIUM,0
BT40,Shrink,Kısa,ER,74.8,153.1,359.5,LOW,0
BBT50,Pens&Bilyalı,İnce,ER,263.5,1006.9,241.3,HIGH,1
BBT40,Kollet,Uzun,MORSE,20.6,37.6,269.1,LOW,0
BT40,Pens&Bilyalı,İnce,WELDON,113.0,262.9,212.9,LOW,0
HSK63,Kollet,Kısa,WELDON,200.4,350.4,239.5,MEDIUM,0
HSK63,Shrink,Kısa,WELDON,313.3,1063.0,331.5,HIGH,1
HSK63,Kollet,Uzun,WELDON,47.7,176.3,234.7,LOW,0
BBT40,Kollet,İnce,ER,206.2,322.4,204.9,HIGH,1
HSK63,Shrink,Uzun,ER,216.4,674.0,316.1,LOW,0
HSK63,Shrink,İnce,MORSE,217.0,641.7,240.7,HIGH,1
HSK63,Shrink,İnce,DIN6499,114.4,439.0,257.6,LOW,0
BBT40,Pens&Bilyalı,Kısa,DIN6499,13.3,22.0,279.8,LOW,0
BT40,Shrink,Kısa,ER,42.4,63.7,279.4,LOW,0
HSK63,Shrink,İnce,ER,126.5,346.3,276.4,LOW,0
BT40,Shrink,İnce,ER,239.3,908.0,218.0,HIGH,1
BT40,Pens&Bilyalı,İnce,MORSE,196.3,703.3,183.0,HIGH,1
BT40,Pens&Bilyalı,Kısa,ER,253.9,936.1,339.7,MEDIUM,0
HSK63,Pens&Bilyalı,Uzun,WELDON,343.8,1161.0,310.5,HIGH,1
BT40,Kollet,Kısa,ER,187.2,693.6,265.7,MEDIUM,0
HSK100,Pens&Bilyalı,İnce,DIN6499,250.9,839.8,224.4,HIGH,1
BBT40,Shrink,İnce,DIN6499,41.9,140.7,238.3,LOW,0
HSK63,Pens&Bilyalı,Uzun,ER,64.8,117.7,306.1,LOW,0
BT40,Kollet,Uzun,ER,232.7,512.3,228.3,HIGH,1
BT40,Kollet,Uzun,MORSE,143.5,463.5,241.4,LOW,0
HSK63,Pens&Bilyalı,İnce,WELDON,19.5,54.8,228.1,LOW,0
HSK63,Kollet,Uzun,ER,68.5,118.7,255.5,LOW,0
HSK63,Pens&Bilyalı,İnce,DIN6499,55.9,175.2,177.2,LOW,0
HSK63,Shrink,Kısa,MORSE,158.3,611.9,318.5,LOW,0
BBT40,Kollet,Uzun,DIN6499,34.5,74.7,261.6,LOW,0
BBT40,Shrink,Kısa,MORSE,125.6,316.8,318.9,LOW,0
BBT40,Pens&Bilyalı,İnce,ER,64.9,104.3,230.2,LOW,0
BT40,Shrink,İnce,MORSE,245.9,436.3,295.2,MEDIUM,0
BT40,Shrink,Kısa,DIN6499,281.2,1100.0,317.3,MEDIUM,0
BBT40,Shrink,Kısa,WELDON,323.4,554.3,444.4,MEDIUM,0
BBT40,Shrink,İnce,WELDON,84.9,136.3,245.5,LOW,0
HSK100,Shrink,Kısa,WELDON,337.5,911.3,334.6,HIGH,1
HSK100,Shrink,Uzun,MORSE,296.0,539.2,310.2,HIGH,1
CAPTO,Shrink,İnce,MORSE,130.3,381.3,240.2,LOW,0
BBT40,Pens&Bilyalı,Kısa,DIN6499,278.7,1004.7,313.3,MEDIUM,0
HSK63,Pens&Bilyalı,Kısa,WELDON,193.3,704.8,284.2,LOW,0
BBT50,Pens&Bilyalı,Uzun,ER,20.2,42.1,290.6,LOW,0
BT40,Kollet,Uzun,DIN6499,126.9,273.6,190.9,LOW,0
BT40,Shrink,Uzun,MORSE,93.0,328.7,316.8,LOW,0
BBT30,Shrink,Kısa,DIN6499,347.1,798.9,316.0,HIGH,1
HSK63,Pens&Bilyalı,Kısa,WELDON,9.7,32.3,319.1,LOW,0
HSK100,Kollet,İnce,DIN6499,200.5,752.5,207.6,HIGH,1
BT40,Kollet,Kısa,DIN6499,59.3,167.0,226.3,LOW,0
BT40,Shrink,Uzun,ER,438.0,1685.4,421.4,HIGH,1
BT40,Kollet,Kısa,ER,177.6,615.2,262.4,LOW,0
BBT40,Shrink,Uzun,ER,128.0,403.4,356.3,LOW,0
BT40,Pens&Bilyalı,Uzun,DIN6499,16.6,54.7,286.6,LOW,0
BBT30,Kollet,İnce,DIN6499,68.5,179.5,179.0,LOW,0
BBT30,Shrink,Uzun,ER,233.7,474.3,242.2,HIGH,1
BBT50,Kollet,İnce,ER,31.9,83.6,167.5,LOW,0
BT40,Kollet,Kısa,MORSE,220.5,815.5,243.3,HIGH,1
HSK100,Kollet,Uzun,DIN6499,47.4,87.9,243.4,LOW,0
BBT30,Kollet,Kısa,ER,24.5,76.9,204.0,LOW,0
HSK63,Pens&Bilyalı,Uzun,DIN6499,265.5,691.7,294.8,HIGH,1
HSK63,Pens&Bilyalı,Uzun,DIN6499,201.0,773.1,284.7,MEDIUM,0
BT40,Kollet,İnce,MORSE,155.8,516.5,152.3,HIGH,1
BT40,Kollet,Uzun,DIN6499,18.5,30.7,230.1,LOW,0
BT40,Kollet,Kısa,ER,88.4,320.6,295.0,LOW,0
HSK63,Kollet,Kısa,WELDON,279.3,628.5,305.4,HIGH,1
BT40,Kollet,Kısa,DIN6499,185.1,555.6,236.7,MEDIUM,0
BBT30,Shrink,İnce,WELDON,195.0,692.7,170.0,HIGH,1
BT40,Pens&Bilyalı,Uzun,MORSE,28.8,92.6,227.1,LOW,0
BBT50,Shrink,Uzun,WELDON,263.6,520.3,347.0,MEDIUM,0
BT40,Shrink,Kısa,DIN6499,3.8,10.4,369.2,LOW,0
BT40,Pens&Bilyalı,Uzun,DIN6499,213.9,656.5,226.4,HIGH,1
BT40,Kollet,İnce,ER,109.0,263.4,192.9,LOW,0
BBT50,Kollet,Uzun,MORSE,127.0,314.3,281.5,LOW,0
BBT40,Shrink,Uzun,ER,16.3,26.0,345.6,LOW,0
BBT30,Shrink,Uzun,ER,24.4,48.6,259.2,LOW,0
BT40,Pens&Bilyalı,İnce,WELDON,110.0,216.8,217.2,LOW,0
HSK63,Shrink,Kısa,MORSE,76.7,194.9,340.2,LOW,0
BBT50,Pens&Bilyalı,Uzun,WELDON,236.7,767.5,237.8,HIGH,1
BT40,Pens&Bilyalı,İnce,WELDON,7.3,20.6,197.3,LOW,0
BBT50,Shrink,İnce,DIN6499,243.4,422.5,221.7,HIGH,1
BBT50,Pens&Bilyalı,İnce,WELDON,218.7,385.3,209.8,HIGH,1
HSK63,Shrink,Kısa,DIN6499,140.6,555.2,260.4,LOW,0
BBT40,Kollet,Uzun,WELDON,273.9,483.2,249.6,HIGH,1
HSK100,Pens&Bilyalı,İnce,DIN6499,246.5,618.9,219.5,HIGH,1
BT40,Pens&Bilyalı,Kısa,ER,103.2,291.8,253.9,LOW,0
HSK63,Kollet,Uzun,ER,232.5,822.2,227.2,HIGH,1
HSK100,Kollet,Uzun,WELDON,316.4,816.1,307.9,HIGH,1
BBT40,Kollet,İnce,DIN6499,136.8,225.5,162.0,MEDIUM,0
BBT30,Pens&Bilyalı,Kısa,MORSE,290.2,1125.4,290.6,HIGH,1
BBT30,Shrink,Uzun,WELDON,103.9,171.5,225.1,LOW,0
BBT30,Shrink,Kısa,DIN6499,165.8,315.5,289.7,LOW,0
BT40,Shrink,Uzun,MORSE,36.8,123.0,312.9,LOW,0
HSK63,Shrink,Kısa,DIN6499,293.9,1153.8,398.7,MEDIUM,0
HSK63,Pens&Bilyalı,Kısa,ER,156.9,395.3,337.0,LOW,0
BBT50,Kollet,Kısa,ER,21.3,59.8,283.8,LOW,0
HSK63,Kollet,Uzun,MORSE,8.1,29.5,265.4,LOW,0
HSK63,Shrink,İnce,MORSE,195.9,357.9,232.5,MEDIUM,0
HSK63,Kollet,İnce,ER,196.4,466.2,174.2,HIGH,1
BT40,Shrink,Uzun,DIN6499,45.1,113.0,270.1,LOW,0
BBT40,Shrink,İnce,WELDON,288.2,550.0,263.6,HIGH,1
BT40,Shrink,Kısa,ER,225.5,501.5,368.3,LOW,0
HSK100,Shrink,İnce,MORSE,222.8,744.4,236.7,HIGH,1
BBT40,Pens&Bilyalı,Kısa,ER,303.3,515.3,327.7,HIGH,1
CAPTO,Shrink,Kısa,WELDON,175.1,361.0,321.7,LOW,0
HSK63,Shrink,İnce,WELDON,200.5,497.2,217.8,HIGH,1
BBT40,Pens&Bilyalı,İnce,ER,165.1,556.6,216.1,MEDIUM,0
BT40,Shrink,Kısa,ER,305.3,505.1,331.9,HIGH,1
BBT40,Shrink,İnce,ER,92.7,300.6,246.6,LOW,0
HSK63,Kollet,Uzun,WELDON,30.1,81.1,241.7,LOW,0
HSK100,Shrink,Uzun,MORSE,73.1,115.6,387.2,LOW,0
HSK63,Pens&Bilyalı,İnce,ER,122.5,451.6,203.6,LOW,0
BT40,Shrink,İnce,WELDON,27.2,90.4,255.6,LOW,0
BBT30,Pens&Bilyalı,İnce,DIN6499,86.8,295.9,149.9,LOW,0
BT40,Pens&Bilyalı,Kısa,WELDON,1.0,1.9,328.0,LOW,0
HSK100,Kollet,Uzun,DIN6499,259.4,740.0,262.7,HIGH,1
BT40,Kollet,Uzun,MORSE,68.4,242.5,213.5,LOW,0
HSK63,Shrink,Uzun,MORSE,171.3,440.1,386.2,LOW,0
HSK63,Shrink,İnce,MORSE,127.2,388.7,224.1,LOW,0
BT40,Shrink,İnce,WELDON,135.4,493.4,213.3,LOW,0
HSK100,Kollet,Uzun,ER,220.3,528.3,239.0,HIGH,1
CAPTO,Shrink,Kısa,ER,189.6,295.6,351.3,LOW,0
BBT50,Shrink,İnce,WELDON,34.9,94.4,265.1,LOW,0
HSK100,Pens&Bilyalı,Kısa,DIN6499,315.3,664.8,359.1,MEDIUM,0
CAPTO,Pens&Bilyalı,Kısa,DIN6499,370.8,989.7,336.2,HIGH,1
BT40,Pens&Bilyalı,İnce,WELDON,152.5,341.9,182.6,MEDIUM,0
BT40,Kollet,Kısa,DIN6499,76.1,273.1,234.5,LOW,0
BT40,Kollet,Kısa,DIN6499,174.1,302.6,268.3,LOW,0
BBT50,Shrink,Uzun,WELDON,347.1,919.9,336.3,HIGH,1
BT40,Pens&Bilyalı,Kısa,WELDON,191.9,740.1,307.8,LOW,0
BT40,Shrink,İnce,WELDON,149.2,549.0,206.5,MEDIUM,0
HSK100,Pens&Bilyalı,Kısa,WELDON,232.5,378.2,328.5,MEDIUM,0
BBT40,Shrink,İnce,ER,17.0,36.7,320.1,LOW,0
BBT40,Kollet,Kısa,DIN6499,307.6,1163.5,299.8,HIGH,1
HSK63,Pens&Bilyalı,Kısa,MORSE,340.7,564.2,313.1,HIGH,1
BBT50,Shrink,Uzun,DIN6499,111.4,352.7,445.9,LOW,0
HSK63,Kollet,İnce,WELDON,81.0,153.1,188.5,LOW,0
SK40,Shrink,Kısa,ER,239.7,426.7,369.4,LOW,0
HSK63,Shrink,Kısa,ER,158.6,385.3,417.8,LOW,0
SK40,Kollet,Kısa,MORSE,27.9,83.1,219.9,LOW,0
HSK100,Pens&Bilyalı,Kısa,WELDON,238.1,716.4,298.0,MEDIUM,0
HSK100,Pens&Bilyalı,Kısa,DIN6499,389.6,1121.8,387.1,HIGH,1
BT40,Kollet,İnce,WELDON,160.0,629.1,186.3,MEDIUM,0
BBT50,Shrink,İnce,ER,155.1,576.6,249.9,LOW,0
CAPTO,Pens&Bilyalı,Uzun,ER,186.8,667.6,222.4,MEDIUM,0
BT40,Pens&Bilyalı,Uzun,ER,262.1,741.6,264.5,HIGH,1
BBT40,Kollet,Kısa,MORSE,0.5,2.0,266.7,LOW,0
HSK63,Shrink,Uzun,WELDON,250.3,586.0,337.3,MEDIUM,0
BBT50,Shrink,Kısa,DIN6499,213.8,554.4,417.4,LOW,0
HSK63,Kollet,Uzun,ER,203.4,501.7,250.8,MEDIUM,0
BT40,Pens&Bilyalı,İnce,DIN6499,64.2,234.6,231.0,LOW,0
BBT30,Pens&Bilyalı,Uzun,WELDON,154.7,239.5,226.9,LOW,0
HSK63,Pens&Bilyalı,İnce,DIN6499,129.6,346.3,209.3,LOW,0
HSK63,Shrink,Uzun,ER,459.1,1148.5,401.2,HIGH,1
CAPTO,Pens&Bilyalı,Kısa,MORSE,383.6,876.0,349.6,HIGH,1
SK40,Pens&Bilyalı,Kısa,MORSE,206.4,744.4,260.5,MEDIUM,0
BBT50,Pens&Bilyalı,İnce,DIN6499,60.1,168.3,284.7,LOW,0
HSK63,Kollet,İnce,MORSE,29.4,48.5,167.7,LOW,0
BT40,Pens&Bilyalı,Kısa,DIN6499,339.2,823.8,303.1,HIGH,1
HSK63,Shrink,İnce,ER,7.8,17.6,213.9,LOW,0
BT40,Shrink,İnce,ER,202.2,333.9,245.7,MEDIUM,0
HSK100,Pens&Bilyalı,İnce,ER,106.9,347.3,268.6,LOW,0
HSK63,Shrink,İnce,MORSE,139.7,473.6,243.5,LOW,0
BBT40,Pens&Bilyalı,Uzun,DIN6499,237.2,454.0,257.0,HIGH,1
BBT50,Kollet,Uzun,ER,210.3,572.2,267.6,MEDIUM,0
BBT40,Shrink,Uzun,MORSE,202.9,771.5,392.5,LOW,0
BBT40,Kollet,Uzun,MORSE,364.9,1183.8,327.7,HIGH,1
BBT40,Shrink,Kısa,WELDON,158.7,364.9,318.4,LOW,0
BBT30,Shrink,İnce,WELDON,227.0,794.2,206.2,HIGH,1
HSK63,Kollet,İnce,MORSE,1.3,4.3,198.7,LOW,0
BT40,Pens&Bilyalı,Kısa,MORSE,322.3,517.7,283.3,HIGH,1
BT40,Shrink,Uzun,MORSE,156.9,614.2,301.5,LOW,0
BBT30,Pens&Bilyalı,Uzun,ER,73.8,232.6,238.9,LOW,0
HSK63,Pens&Bilyalı,İnce,WELDON,176.6,347.5,161.6,HIGH,1
SK40,Pens&Bilyalı,İnce,DIN6499,120.0,365.8,208.6,LOW,0
BT40,Shrink,İnce,MORSE,154.9,462.0,241.6,LOW,0
HSK63,Kollet,Uzun,DIN6499,95.0,300.9,234.4,LOW,0
HSK63,Pens&Bilyalı,İnce,DIN6499,225.8,463.8,202.1,HIGH,1
HSK63,Pens&Bilyalı,Uzun,DIN6499,107.0,263.3,345.4,LOW,0
BBT30,Shrink,İnce,WELDON,42.6,66.2,181.9,LOW,0
HSK63,Shrink,Uzun,ER,318.7,1208.1,311.4,HIGH,1
HSK63,Pens&Bilyalı,Kısa,MORSE,281.7,651.1,331.7,MEDIUM,0
BT40,Shrink,Uzun,DIN6499,50.2,143.6,289.9,LOW,0
BBT50,Pens&Bilyalı,Kısa,DIN6499,192.3,382.5,338.7,LOW,0
HSK63,Shrink,Uzun,DIN6499,81.6,305.0,323.0,LOW,0
BT40,Kollet,Uzun,MORSE,158.4,498.6,229.5,LOW,0
SK40,Shrink,İnce,WELDON,144.6,256.0,198.1,MEDIUM,0
BT40,Kollet,Kısa,ER,182.0,528.2,230.1,MEDIUM,0
BBT40,Shrink,Uzun,MORSE,249.1,460.0,422.4,LOW,0
BBT40,Kollet,Kısa,ER,160.6,333.6,301.7,LOW,0
HSK100,Shrink,Kısa,WELDON,352.2,889.5,399.5,MEDIUM,0
BBT30,Kollet,Kısa,DIN6499,211.4,839.4,200.4,HIGH,1
BT40,Kollet,Uzun,WELDON,17.6,55.6,252.4,LOW,0
BT40,Pens&Bilyalı,Uzun,MORSE,137.0,481.7,279.4,LOW,0
BBT40,Kollet,Uzun,WELDON,233.6,634.2,217.4,HIGH,1
HSK63,Kollet,Kısa,DIN6499,254.1,645.5,278.7,HIGH,1
SK40,Pens&Bilyalı,İnce,ER,114.9,386.6,143.3,MEDIUM,0
HSK63,Pens&Bilyalı,Kısa,MORSE,36.3,67.5,259.8,LOW,0
BBT40,Shrink,Kısa,MORSE,267.1,877.7,342.3,MEDIUM,0
BT40,Kollet,Uzun,MORSE,200.3,574.1,271.5,MEDIUM,0
HSK63,Kollet,Kısa,WELDON,171.7,340.4,260.6,LOW,0
HSK63,Pens&Bilyalı,İnce,MORSE,116.4,436.7,195.2,LOW,0
BBT40,Pens&Bilyalı,Kısa,MORSE,318.5,962.4,311.3,HIGH,1
HSK63,Shrink,İnce,WELDON,155.9,257.2,237.1,LOW,0
HSK63,Shrink,Uzun,MORSE,329.5,812.4,383.8,MEDIUM,0
CAPTO,Kollet,Uzun,MORSE,71.1,133.3,210.1,LOW,0
HSK63,Kollet,Uzun,MORSE,92.6,155.2,228.4,LOW,0
HSK100,Pens&Bilyalı,Uzun,WELDON,233.1,422.5,337.9,LOW,0
HSK100,Kollet,Kısa,ER,284.9,994.4,380.6,MEDIUM,0
HSK63,Shrink,Uzun,MORSE,287.2,1113.8,265.5,HIGH,1
BT40,Pens&Bilyalı,İnce,DIN6499,29.2,64.1,204.2,LOW,0
BBT50,Pens&Bilyalı,Kısa,WELDON,95.5,377.7,290.5,LOW,0
BBT50,Pens&Bilyalı,Uzun,WELDON,325.7,742.8,291.7,HIGH,1
BT40,Shrink,Uzun,DIN6499,230.5,621.1,318.6,MEDIUM,0
HSK63,Kollet,İnce,ER,13.7,34.9,150.7,LOW,0
BBT30,Kollet,Uzun,MORSE,49.0,117.4,199.3,LOW,0
BT40,Shrink,İnce,DIN6499,257.5,564.9,242.4,HIGH,1
HSK63,Shrink,Uzun,MORSE,237.6,558.9,413.6,LOW,0
BT40,Pens&Bilyalı,Kısa,DIN6499,189.7,721.8,287.0,LOW,0
BBT50,Pens&Bilyalı,İnce,MORSE,96.1,357.2,240.1,LOW,0
HSK63,Kollet,Uzun,ER,33.8,119.8,252.9,LOW,0
HSK63,Pens&Bilyalı,İnce,ER,56.4,197.0,176.3,LOW,0
HSK63,Shrink,Uzun,DIN6499,92.5,272.7,349.8,LOW,0
BBT30,Kollet,Kısa,DIN6499,25.9,82.7,230.2,LOW,0
HSK63,Pens&Bilyalı,İnce,ER,113.7,274.3,224.9,LOW,0
HSK63,Kollet,İnce,DIN6499,132.8,350.9,166.3,MEDIUM,0
BT40,Kollet,İnce,WELDON,141.6,403.9,131.8,HIGH,1
HSK63,Kollet,Uzun,WELDON,225.9,728.7,245.0,HIGH,1
SK40,Pens&Bilyalı,İnce,WELDON,214.0,418.3,208.3,HIGH,1
HSK100,Pens&Bilyalı,İnce,WELDON,45.2,163.6,189.6,LOW,0
HSK63,Shrink,İnce,DIN6499,176.1,630.9,242.8,MEDIUM,0
BT40,Shrink,Uzun,WELDON,80.3,123.9,375.2,LOW,0
BBT30,Kollet,İnce,MORSE,141.0,472.4,148.8,HIGH,1
BBT50,Kollet,İnce,ER,35.8,112.5,178.3,LOW,0
BT40,Shrink,İnce,DIN6499,82.8,262.6,261.6,LOW,0
SK40,Kollet,Kısa,ER,98.8,221.2,263.3,LOW,0
HSK63,Shrink,Kısa,MORSE,27.1,71.8,352.9,LOW,0
HSK63,Shrink,Kısa,ER,73.1,128.8,348.5,LOW,0
BBT40,Kollet,Kısa,MORSE,233.7,862.8,255.5,HIGH,1
HSK63,Shrink,Kısa,DIN6499,195.7,767.3,385.5,LOW,0
BBT40,Kollet,İnce,DIN6499,33.6,120.8,234.4,LOW,0
CAPTO,Pens&Bilyalı,İnce,WELDON,86.5,285.7,178.2,LOW,0
HSK100,Pens&Bilyalı,Uzun,MORSE,26.2,95.4,301.1,LOW,0
BT40,Shrink,Kısa,MORSE,485.8,1005.0,428.8,HIGH,1
HSK63,Shrink,Kısa,MORSE,229.5,350.9,293.3,MEDIUM,0
BT40,Pens&Bilyalı,İnce,WELDON,167.8,321.1,177.9,HIGH,1
SK40,Shrink,Uzun,WELDON,262.6,975.6,309.3,MEDIUM,0
BBT40,Kollet,Kısa,WELDON,290.5,570.5,311.6,HIGH,1
BT40,Shrink,İnce,MORSE,111.6,286.9,265.5,LOW,0
BBT40,Shrink,Kısa,DIN6499,67.3,122.9,385.1,LOW,0
BBT40,Pens&Bilyalı,Kısa,ER,74.8,273.6,283.1,LOW,0
HSK63,Kollet,Kısa,ER,134.0,401.4,238.3,LOW,0
BBT40,Kollet,İnce,MORSE,119.9,341.5,170.1,MEDIUM,0
BT40,Pens&Bilyalı,İnce,DIN6499,128.9,289.5,218.1,LOW,0
HSK63,Pens&Bilyalı,İnce,WELDON,153.8,295.3,209.3,MEDIUM,0
HSK63,Shrink,Kısa,WELDON,25.6,86.4,329.7,LOW,0
HSK100,Shrink,Uzun,WELDON,340.8,1230.5,357.1,HIGH,1
HSK63,Pens&Bilyalı,Kısa,DIN6499,28.8,56.4,290.0,LOW,0
HSK63,Shrink,İnce,ER,2.1,3.7,277.5,LOW,0
HSK63,Kollet,Uzun,MORSE,174.3,426.7,222.0,MEDIUM,0
HSK63,Pens&Bilyalı,İnce,ER,60.0,177.8,165.3,LOW,0
HSK63,Kollet,Kısa,WELDON,23.2,50.0,259.3,LOW,0
BBT30,Shrink,İnce,WELDON,190.8,328.2,191.1,HIGH,1
BBT50,Pens&Bilyalı,Uzun,ER,206.4,321.2,281.0,MEDIUM,0
SK40,Shrink,İnce,WELDON,57.5,163.9,223.5,LOW,0
BT40,Shrink,İnce,MORSE,25.6,83.6,209.0,LOW,0
BBT40,Kollet,Uzun,DIN6499,221.1,457.5,241.6,HIGH,1
BBT50,Shrink,Uzun,WELDON,96.4,328.4,371.5,LOW,0
BT40,Kollet,Kısa,MORSE,237.8,400.4,224.8,HIGH,1
BT40,Pens&Bilyalı,Uzun,ER,198.7,711.2,220.9,MEDIUM,0
HSK63,Shrink,Uzun,WELDON,218.5,467.7,330.8,LOW,0
BT40,Shrink,Uzun,MORSE,251.5,683.3,306.1,MEDIUM,0
SK40,Shrink,Kısa,DIN6499,47.0,180.1,319.8,LOW,0
HSK100,Shrink,Kısa,DIN6499,146.8,316.7,479.6,LOW,0
BT40,Pens&Bilyalı,İnce,ER,41.8,89.2,210.2,LOW,0
HSK63,Kollet,Uzun,DIN6499,26.9,56.0,241.5,LOW,0
HSK63,Shrink,İnce,WELDON,47.6,89.9,270.9,LOW,0
BBT40,Shrink,Uzun,ER,226.6,887.6,295.6,MEDIUM,0
SK40,Kollet,Uzun,ER,42.2,158.3,198.8,LOW,0
HSK63,Pens&Bilyalı,Kısa,ER,5.1,8.6,406.0,LOW,0
BBT50,Kollet,Kısa,MORSE,270.2,748.4,320.4,MEDIUM,0
HSK63,Shrink,Kısa,ER,427.9,1629.7,377.4,HIGH,1
BT40,Kollet,Kısa,WELDON,54.1,132.2,263.3,LOW,0
BT40,Kollet,Kısa,DIN6499,292.8,650.1,290.7,HIGH,1
BBT40,Kollet,Kısa,MORSE,103.4,411.2,350.6,LOW,0
HSK100,Shrink,Uzun,ER,473.3,1526.1,432.5,HIGH,1
BBT30,Pens&Bilyalı,Kısa,DIN6499,167.8,314.2,229.2,MEDIUM,0
HSK63,Kollet,Kısa,DIN6499,293.1,914.7,287.5,HIGH,1
BT40,Shrink,Kısa,MORSE,342.2,591.4,339.8,HIGH,1
BBT40,Shrink,İnce,WELDON,68.9,238.6,288.5,LOW,0
HSK100,Kollet,Uzun,ER,246.2,824.1,294.4,MEDIUM,0
CAPTO,Pens&Bilyalı,Uzun,MORSE,178.7,311.0,281.9,LOW,0
HSK63,Kollet,Kısa,MORSE,174.3,442.1,290.9,LOW,0
BT40,Pens&Bilyalı,Kısa,MORSE,234.8,498.5,244.6,HIGH,1
BT40,Pens&Bilyalı,Uzun,MORSE,177.6,309.6,206.0,MEDIUM,0
HSK100,Kollet,Kısa,ER,264.9,957.7,256.2,HIGH,1
BT40,Shrink,İnce,DIN6499,240.9,682.5,239.2,HIGH,1
BBT50,Shrink,Uzun,WELDON,428.8,1347.6,409.5,HIGH,1
BBT30,Kollet,Uzun,ER,95.7,275.9,176.1,LOW,0
BBT40,Shrink,İnce,ER,179.5,441.6,309.8,LOW,0
BT40,Kollet,Kısa,MORSE,126.2,470.7,223.8,LOW,0
BT40,Shrink,Uzun,MORSE,82.3,154.2,271.5,LOW,0
BBT50,Kollet,İnce,ER,136.2,506.2,191.8,MEDIUM,0
CAPTO,Pens&Bilyalı,İnce,WELDON,232.3,837.3,242.2,HIGH,1
HSK63,Kollet,Kısa,MORSE,208.5,649.8,209.8,HIGH,1
HSK63,Shrink,Kısa,MORSE,140.7,405.3,336.2,LOW,0
BT40,Kollet,Uzun,DIN6499,101.3,230.0,204.1,LOW,0
SK40,Shrink,Kısa,DIN6499,301.0,559.2,289.0,HIGH,1
BT40,Pens&Bilyalı,Kısa,MORSE,73.0,150.0,309.1,LOW,0
BT40,Pens&Bilyalı,Uzun,MORSE,183.3,296.5,298.5,LOW,0
HSK100,Kollet,Uzun,MORSE,380.8,1007.7,359.8,HIGH,1
BBT30,Shrink,Uzun,ER,250.4,972.0,273.0,HIGH,1
BBT40,Shrink,İnce,WELDON,121.7,292.6,289.9,LOW,0
SK40,Pens&Bilyalı,Uzun,WELDON,223.8,783.3,253.3,MEDIUM,0
HSK63,Pens&Bilyalı,İnce,ER,57.4,189.4,187.0,LOW,0
BBT40,Shrink,Kısa,MORSE,203.2,458.7,410.5,LOW,0
BT40,Shrink,Kısa,DIN6499,123.5,253.2,317.1,LOW,0
HSK63,Pens&Bilyalı,Uzun,ER,283.7,858.2,291.9,HIGH,1
HSK63,Shrink,Kısa,ER,159.9,354.9,329.2,LOW,0
HSK63,Shrink,Kısa,DIN6499,342.6,914.2,369.9,HIGH,1
SK40,Shrink,Uzun,ER,313.0,488.8,311.2,HIGH,1
BT40,Shrink,Kısa,ER,234.5,876.1,315.4,MEDIUM,0
HSK100,Kollet,İnce,DIN6499,92.4,271.8,232.7,LOW,0
HSK63,Pens&Bilyalı,Kısa,DIN6499,220.3,698.6,356.4,LOW,0
HSK63,Kollet,Uzun,DIN6499,214.4,669.0,187.3,HIGH,1
HSK63,Shrink,Uzun,MORSE,18.8,47.2,267.6,LOW,0
BT40,Pens&Bilyalı,Uzun,WELDON,245.2,735.8,329.9,MEDIUM,0
BBT40,Shrink,İnce,ER,112.2,396.0,327.2,LOW,0
HSK63,Kollet,Uzun,DIN6499,129.7,354.8,222.7,LOW,0
SK40,Shrink,Uzun,WELDON,289.4,663.6,252.7,HIGH,1
BT40,Kollet,Uzun,DIN6499,191.2,551.0,227.9,MEDIUM,0
BBT40,Pens&Bilyalı,Kısa,ER,156.6,566.3,285.5,LOW,0
CAPTO,Shrink,Kısa,ER,126.7,500.3,417.2,LOW,0
HSK63,Kollet,Uzun,ER,243.1,933.6,225.3,HIGH,1
BBT40,Kollet,İnce,MORSE,136.3,315.3,154.3,MEDIUM,0
BT40,Shrink,Uzun,ER,219.5,337.9,333.7,LOW,0
BBT40,Pens&Bilyalı,Uzun,DIN6499,36.6,59.2,296.7,LOW,0
CAPTO,Kollet,Kısa,ER,116.5,211.0,289.2,LOW,0
BBT40,Shrink,İnce,WELDON,223.5,434.6,259.4,MEDIUM,0
BBT50,Kollet,İnce,WELDON,79.5,285.6,177.3,LOW,0
BT40,Kollet,Uzun,WELDON,96.1,152.9,213.7,LOW,0
BBT40,Pens&Bilyalı,Kısa,DIN6499,283.4,643.6,388.0,MEDIUM,0
HSK100,Pens&Bilyalı,Uzun,DIN6499,240.1,493.0,326.0,MEDIUM,0
BT40,Shrink,Kısa,DIN6499,323.9,747.8,460.7,MEDIUM,0
BBT50,Pens&Bilyalı,Uzun,MORSE,207.0,736.8,319.3,LOW,0
HSK63,Shrink,Kısa,WELDON,246.9,469.1,378.0,LOW,0
BT40,Pens&Bilyalı,Uzun,DIN6499,19.8,73.7,212.2,LOW,0
BBT50,Pens&Bilyalı,Uzun,DIN6499,183.7,491.1,315.2,LOW,0
BT40,Shrink,İnce,MORSE,9.6,29.0,207.7,LOW,0
BBT40,Pens&Bilyalı,İnce,WELDON,84.9,322.9,214.1,LOW,0
HSK63,Kollet,Uzun,DIN6499,65.6,216.1,235.7,LOW,0
BBT40,Kollet,Uzun,DIN6499,212.5,354.1,225.1,HIGH,1
BBT40,Kollet,İnce,ER,74.6,292.6,195.4,LOW,0
BBT40,Shrink,Uzun,MORSE,377.6,652.1,363.7,HIGH,1
HSK63,Shrink,Uzun,ER,188.4,723.2,492.9,LOW,0
HSK63,Kollet,Uzun,MORSE,250.4,1000.8,283.8,MEDIUM,0
HSK63,Shrink,Uzun,WELDON,129.9,245.0,381.9,LOW,0
BBT30,Kollet,İnce,MORSE,11.8,44.0,138.4,LOW,0
BT40,Pens&Bilyalı,Uzun,ER,52.8,104.4,272.6,LOW,0
BT40,Kollet,Uzun,WELDON,17.4,43.0,244.3,LOW,0
BT40,Shrink,İnce,WELDON,282.0,893.8,316.7,MEDIUM,0
BBT40,Shrink,Uzun,DIN6499,258.2,559.5,453.1,LOW,0
SK40,Kollet,Kısa,MORSE,12.0,39.5,232.2,LOW,0
BT40,Pens&Bilyalı,Uzun,DIN6499,233.7,769.5,243.7,HIGH,1
BT40,Pens&Bilyalı,Uzun,MORSE,110.4,382.1,277.2,LOW,0
HSK63,Shrink,Kısa,ER,225.9,400.4,408.8,LOW,0
BT40,Shrink,İnce,ER,265.1,624.0,237.6,HIGH,1
SK40,Shrink,İnce,WELDON,93.8,298.9,237.7,LOW,0
HSK100,Shrink,İnce,ER,59.3,211.0,241.9,LOW,0
BBT40,Pens&Bilyalı,Kısa,WELDON,71.9,163.0,281.4,LOW,0
BT40,Kollet,Uzun,MORSE,175.0,421.9,228.9,MEDIUM,0
BT40,Shrink,Kısa,MORSE,233.6,500.3,314.0,MEDIUM,0
BT40,Shrink,Uzun,WELDON,315.8,478.5,341.5,HIGH,1
BT40,Pens&Bilyalı,Kısa,ER,271.1,893.7,273.2,HIGH,1
BBT40,Pens&Bilyalı,Uzun,DIN6499,52.9,102.3,246.5,LOW,0
BT40,Pens&Bilyalı,İnce,WELDON,133.6,524.5,247.5,LOW,0
BT40,Shrink,İnce,DIN6499,172.9,263.4,239.1,MEDIUM,0
HSK63,Shrink,Uzun,WELDON,112.4,295.3,292.5,LOW,0
SK40,Kollet,İnce,ER,84.4,133.5,178.1,LOW,0
HSK100,Pens&Bilyalı,İnce,ER,132.2,378.7,201.4,LOW,0
BT40,Pens&Bilyalı,Uzun,MORSE,84.2,306.3,259.4,LOW,0
HSK63,Shrink,Kısa,MORSE,7.9,16.8,362.5,LOW,0
BBT30,Pens&Bilyalı,Uzun,WELDON,189.9,511.8,238.6,MEDIUM,0
HSK63,Pens&Bilyalı,Uzun,DIN6499,17.0,59.3,279.1,LOW,0
HSK100,Shrink,Kısa,WELDON,156.2,315.6,413.7,LOW,0
BT40,Kollet,Kısa,DIN6499,67.3,110.9,222.9,LOW,0
BBT50,Pens&Bilyalı,İnce,ER,198.0,598.6,196.8,HIGH,1
HSK63,Kollet,Uzun,ER,245.5,854.8,222.5,HIGH,1
HSK63,Shrink,Kısa,DIN6499,120.2,210.2,337.1,LOW,0
BT40,Pens&Bilyalı,Uzun,MORSE,215.8,469.6,216.7,HIGH,1
BBT40,Kollet,Kısa,ER,126.1,255.2,294.3,LOW,0
HSK63,Kollet,İnce,MORSE,25.7,60.6,183.7,LOW,0
BBT40,Kollet,Kısa,MORSE,263.9,980.4,245.8,HIGH,1
BT40,Kollet,Kısa,ER,12.6,26.9,237.1,LOW,0
BBT40,Shrink,Kısa,DIN6499,409.1,858.9,479.4,MEDIUM,0
HSK63,Shrink,İnce,ER,165.3,660.9,250.7,LOW,0
HSK63,Shrink,Kısa,WELDON,139.5,468.0,406.6,LOW,0
HSK63,Pens&Bilyalı,Kısa,WELDON,31.8,113.3,327.1,LOW,0
SK40,Shrink,Kısa,MORSE,108.8,172.2,351.6,LOW,0
BT40,Shrink,İnce,MORSE,153.3,331.8,241.3,LOW,0
HSK63,Shrink,Uzun,ER,132.8,456.3,278.3,LOW,0
HSK63,Shrink,Kısa,DIN6499,223.2,872.4,389.1,LOW,0
BT40,Pens&Bilyalı,Uzun,DIN6499,163.5,567.3,237.7,LOW,0
BT40,Shrink,Kısa,MORSE,165.6,285.1,454.8,LOW,0
HSK100,Shrink,İnce,DIN6499,177.0,621.5,325.6,LOW,0
HSK63,Shrink,Kısa,MORSE,72.5,140.8,339.8,LOW,0
BT40,Pens&Bilyalı,Uzun,WELDON,207.1,664.0,213.3,HIGH,1
HSK63,Pens&Bilyalı,Kısa,MORSE,255.3,485.1,280.8,HIGH,1
HSK63,Shrink,İnce,WELDON,103.5,199.5,264.3,LOW,0
HSK63,Kollet,Kısa,ER,160.6,521.9,230.3,LOW,0
HSK100,Kollet,Kısa,MORSE,264.1,823.3,251.7,HIGH,1
BT40,Kollet,İnce,MORSE,211.8,767.5,185.2,HIGH,1
BBT40,Kollet,İnce,MORSE,56.2,198.4,167.6,LOW,0
BBT30,Pens&Bilyalı,Kısa,MORSE,98.6,333.8,187.8,LOW,0
HSK63,Shrink,İnce,DIN6499,250.8,904.2,246.5,HIGH,1
HSK100,Shrink,Kısa,MORSE,339.3,956.6,428.0,MEDIUM,0
BT40,Kollet,İnce,WELDON,0.7,2.0,162.4,LOW,0
BT40,Kollet,Kısa,DIN6499,13.3,51.6,248.4,LOW,0
BBT30,Shrink,İnce,ER,110.0,288.8,147.4,MEDIUM,0
HSK63,Kollet,Uzun,WELDON,233.6,373.8,272.8,MEDIUM,0
BT40,Pens&Bilyalı,İnce,MORSE,47.2,128.8,194.9,LOW,0
BT40,Shrink,İnce,ER,157.3,260.2,243.6,LOW,0
HSK100,Pens&Bilyalı,Uzun,WELDON,71.6,132.0,375.0,LOW,0
HSK63,Kollet,Uzun,ER,187.7,592.9,275.3,LOW,0
HSK63,Shrink,İnce,DIN6499,295.8,1158.2,272.3,HIGH,1
HSK63,Shrink,İnce,DIN6499,102.0,223.2,279.6,LOW,0
BT40,Kollet,Kısa,MORSE,192.6,337.6,254.2,MEDIUM,0
HSK100,Pens&Bilyalı,Kısa,DIN6499,284.8,721.6,340.4,MEDIUM,0
BT40,Pens&Bilyalı,Uzun,WELDON,198.0,785.6,262.7,MEDIUM,0
BBT40,Shrink,Kısa,DIN6499,386.6,1126.7,426.9,HIGH,1
BBT40,Pens&Bilyalı,Uzun,WELDON,226.1,752.9,288.8,MEDIUM,0
BBT50,Pens&Bilyalı,İnce,ER,252.6,955.9,224.8,HIGH,1
HSK63,Pens&Bilyalı,İnce,MORSE,201.6,439.5,205.2,HIGH,1
BT40,Shrink,Uzun,WELDON,144.4,415.6,358.2,LOW,0
SK40,Shrink,İnce,WELDON,87.0,346.0,220.4,LOW,0
BBT50,Pens&Bilyalı,Kısa,DIN6499,254.8,676.6,336.5,MEDIUM,0
BT40,Shrink,İnce,WELDON,327.7,603.6,290.4,HIGH,1
HSK63,Shrink,Uzun,MORSE,379.6,1313.0,419.1,HIGH,1
HSK63,Kollet,Kısa,DIN6499,171.6,533.2,261.2,LOW,0
BT40,Kollet,Uzun,WELDON,251.8,997.5,220.1,HIGH,1
HSK100,Shrink,İnce,ER,103.2,187.8,265.2,LOW,0
SK40,Kollet,Uzun,MORSE,169.9,357.9,215.6,MEDIUM,0
HSK100,Kollet,İnce,ER,226.5,438.9,197.8,HIGH,1
BT40,Shrink,Kısa,ER,218.5,667.9,394.2,LOW,0
CAPTO,Pens&Bilyalı,İnce,MORSE,181.2,289.5,186.8,HIGH,1
HSK63,Kollet,Uzun,MORSE,151.0,588.6,202.7,MEDIUM,0
HSK63,Kollet,İnce,DIN6499,132.9,409.9,160.5,MEDIUM,0
SK40,Shrink,Kısa,DIN6499,64.0,116.7,341.7,LOW,0
BBT40,Pens&Bilyalı,İnce,WELDON,217.4,628.7,202.5,HIGH,1
BBT50,Pens&Bilyalı,Kısa,MORSE,276.4,946.2,370.5,MEDIUM,0
SK40,Shrink,Kısa,WELDON,200.4,699.3,327.2,LOW,0
HSK63,Shrink,Kısa,DIN6499,145.6,350.2,377.6,LOW,0
HSK100,Shrink,Uzun,DIN6499,453.2,1657.3,433.6,HIGH,1
HSK63,Pens&Bilyalı,Kısa,DIN6499,83.1,331.5,297.8,LOW,0
BT40,Pens&Bilyalı,İnce,ER,167.4,522.7,184.0,HIGH,1
SK40,Shrink,Kısa,DIN6499,192.9,597.2,308.9,LOW,0
HSK63,Kollet,Uzun,MORSE,45.7,113.3,269.7,LOW,0
BT40,Pens&Bilyalı,İnce,ER,202.0,540.9,220.9,HIGH,1
BBT40,Kollet,Uzun,DIN6499,57.9,126.6,238.2,LOW,0
HSK63,Shrink,İnce,ER,42.4,114.2,205.6,LOW,0
BT40,Pens&Bilyalı,İnce,DIN6499,12.0,38.3,232.6,LOW,0
BT40,Pens&Bilyalı,İnce,DIN6499,96.1,290.7,184.8,LOW,0
HSK63,Shrink,İnce,DIN6499,25.6,38.9,217.3,LOW,0
HSK63,Pens&Bilyalı,Kısa,ER,294.0,762.3,268.2,HIGH,1
HSK100,Shrink,Uzun,MORSE,40.3,126.5,314.5,LOW,0
BBT50,Kollet,Kısa,DIN6499,267.2,621.3,339.4,MEDIUM,0
BBT40,Shrink,İnce,WELDON,353.4,642.7,320.8,HIGH,1
HSK63,Shrink,Kısa,ER,188.6,515.2,382.3,LOW,0
BBT30,Shrink,Kısa,WELDON,73.1,124.5,296.1,LOW,0
BBT40,Pens&Bilyalı,Uzun,ER,17.3,29.8,341.8,LOW,0
BBT40,Pens&Bilyalı,Uzun,WELDON,31.6,59.2,258.5,LOW,0
BT40,Pens&Bilyalı,Kısa,ER,57.4,114.6,275.4,LOW,0
HSK100,Shrink,Kısa,MORSE,365.7,993.2,434.3,MEDIUM,0
BBT40,Pens&Bilyalı,İnce,WELDON,179.6,690.2,254.9,MEDIUM,0
SK40,Kollet,İnce,DIN6499,96.3,236.2,137.8,LOW,0
BT40,Pens&Bilyalı,İnce,MORSE,96.9,181.8,210.4,LOW,0
BBT50,Shrink,Uzun,DIN6499,121.9,188.3,271.9,LOW,0
HSK100,Shrink,İnce,WELDON,9.8,30.4,317.0,LOW,0
SK40,Shrink,Kısa,MORSE,329.6,894.9,380.6,MEDIUM,0
BBT40,Pens&Bilyalı,Uzun,WELDON,35.1,79.3,315.8,LOW,0
HSK63,Kollet,Uzun,DIN6499,124.1,332.2,263.5,LOW,0
BBT40,Kollet,Kısa,ER,11.8,21.3,276.7,LOW,0
BBT40,Pens&Bilyalı,Kısa,WELDON,102.1,398.0,311.2,LOW,0
HSK100,Pens&Bilyalı,İnce,ER,132.7,201.1,234.6,LOW,0
BBT40,Kollet,İnce,MORSE,153.0,261.2,161.4,HIGH,1
BBT40,Shrink,Uzun,MORSE,70.6,235.3,377.4,LOW,0
HSK63,Pens&Bilyalı,İnce,DIN6499,142.5,444.5,194.0,MEDIUM,0
HSK63,Kollet,Uzun,WELDON,24.8,65.5,243.7,LOW,0
HSK63,Shrink,İnce,DIN6499,74.5,240.1,278.8,LOW,0
HSK63,Pens&Bilyalı,İnce,DIN6499,82.8,246.6,225.3,LOW,0
HSK100,Shrink,İnce,WELDON,0.9,1.8,292.3,LOW,0
BBT40,Pens&Bilyalı,Uzun,DIN6499,0.8,3.1,238.6,LOW,0
HSK63,Shrink,Uzun,WELDON,451.2,826.2,396.9,HIGH,1
BT40,Pens&Bilyalı,İnce,MORSE,77.9,279.9,193.8,LOW,0
CAPTO,Kollet,İnce,MORSE,101.0,184.4,189.4,LOW,0
BT40,Shrink,İnce,MORSE,244.9,723.5,229.6,HIGH,1
HSK100,Shrink,Uzun,DIN6499,281.2,709.9,469.1,LOW,0
BBT50,Pens&Bilyalı,İnce,DIN6499,216.0,637.1,253.4,MEDIUM,0
BBT30,Kollet,İnce,ER,2.2,6.8,129.5,LOW,0
BBT30,Pens&Bilyalı,İnce,DIN6499,170.3,557.4,165.7,HIGH,1
BT40,Shrink,Uzun,WELDON,39.4,90.1,267.0,LOW,0
BBT40,Pens&Bilyalı,Kısa,MORSE,59.9,181.9,302.5,LOW,0
BT40,Pens&Bilyalı,İnce,DIN6499,196.2,550.4,187.9,HIGH,1
HSK63,Shrink,Uzun,ER,168.1,514.4,349.3,LOW,0
SK40,Shrink,Kısa,WELDON,148.6,311.3,327.3,LOW,0
BT40,Shrink,Kısa,WELDON,287.1,974.1,381.2,MEDIUM,0
HSK100,Kollet,İnce,DIN6499,41.7,105.2,227.5,LOW,0
BBT40,Kollet,Uzun,MORSE,52.5,209.0,294.7,LOW,0
BT40,Pens&Bilyalı,Kısa,MORSE,105.8,229.0,224.1,LOW,0
BBT30,Kollet,İnce,ER,122.3,346.0,142.0,MEDIUM,0
HSK100,Shrink,Uzun,ER,5.4,13.2,354.8,LOW,0
CAPTO,Shrink,Uzun,DIN6499,310.6,1215.6,322.9,HIGH,1
BBT40,Shrink,Uzun,DIN6499,254.5,598.2,300.4,MEDIUM,0
CAPTO,Kollet,İnce,MORSE,142.1,446.7,207.1,LOW,0
HSK100,Kollet,Uzun,WELDON,292.1,598.2,285.7,HIGH,1
HSK63,Pens&Bilyalı,İnce,ER,185.1,503.8,200.8,HIGH,1
BBT50,Shrink,İnce,DIN6499,367.4,1210.8,331.2,HIGH,1
HSK63,Pens&Bilyalı,Uzun,ER,81.6,253.0,256.5,LOW,0
BBT30,Kollet,Kısa,ER,168.2,450.4,186.2,HIGH,1
HSK63,Kollet,İnce,MORSE,8.9,34.8,201.0,LOW,0
SK40,Kollet,Kısa,MORSE,62.3,103.2,181.4,LOW,0
BBT40,Pens&Bilyalı,İnce,WELDON,33.7,57.5,200.2,LOW,0
CAPTO,Pens&Bilyalı,İnce,DIN6499,161.1,477.2,189.4,MEDIUM,0
SK40,Shrink,Kısa,MORSE,366.9,991.0,321.9,HIGH,1
BBT50,Kollet,Kısa,DIN6499,225.4,464.0,329.2,LOW,0
HSK63,Shrink,Uzun,WELDON,218.9,869.2,241.6,HIGH,1
BBT30,Pens&Bilyalı,Uzun,ER,171.4,305.9,209.8,MEDIUM,0
SK40,Pens&Bilyalı,Kısa,WELDON,2.9,5.4,220.6,LOW,0
BBT50,Shrink,Kısa,DIN6499,266.9,942.0,427.7,LOW,0
BBT30,Shrink,İnce,WELDON,119.4,229.7,236.1,LOW,0
BT40,Kollet,İnce,ER,154.6,367.5,159.7,HIGH,1
BBT50,Kollet,İnce,ER,162.9,380.8,210.6,MEDIUM,0
BT40,Shrink,İnce,DIN6499,136.3,417.7,266.3,LOW,0
BBT30,Pens&Bilyalı,Uzun,ER,52.7,111.0,211.4,LOW,0
BT40,Pens&Bilyalı,Kısa,WELDON,8.8,23.3,284.1,LOW,0
BBT40,Shrink,İnce,MORSE,110.7,358.0,264.6,LOW,0
BBT40,Shrink,Kısa,DIN6499,133.3,242.6,453.0,LOW,0
HSK100,Kollet,Kısa,MORSE,2.5,3.9,262.0,LOW,0
BBT40,Shrink,Uzun,WELDON,361.7,1341.7,419.5,MEDIUM,0
BBT50,Kollet,Kısa,MORSE,26.8,91.2,290.5,LOW,0
HSK100,Shrink,Kısa,WELDON,239.8,636.2,393.9,LOW,0
BBT50,Pens&Bilyalı,Uzun,DIN6499,304.9,868.0,303.2,HIGH,1
HSK63,Shrink,Uzun,DIN6499,387.8,605.3,431.4,MEDIUM,0
BT40,Shrink,İnce,MORSE,51.1,118.2,242.4,LOW,0
BT40,Kollet,Kısa,ER,273.6,549.9,268.9,HIGH,1
BT40,Shrink,İnce,DIN6499,59.8,236.4,268.0,LOW,0
BT40,Shrink,Kısa,DIN6499,34.3,126.6,393.5,LOW,0
HSK63,Kollet,İnce,ER,186.0,452.5,221.9,MEDIUM,0
HSK63,Pens&Bilyalı,Kısa,MORSE,251.1,688.6,262.4,HIGH,1
BBT40,Pens&Bilyalı,Kısa,WELDON,333.9,1158.1,314.8,HIGH,1
HSK63,Kollet,Kısa,MORSE,283.2,430.8,291.0,HIGH,1
HSK100,Shrink,Uzun,MORSE,218.3,727.2,373.6,LOW,0
BT40,Shrink,Kısa,MORSE,325.2,986.8,306.7,HIGH,1
BBT50,Pens&Bilyalı,Kısa,ER,231.0,693.0,305.2,MEDIUM,0
BBT50,Shrink,Uzun,ER,269.2,651.3,352.2,MEDIUM,0
BBT40,Kollet,İnce,WELDON,143.7,216.9,176.2,MEDIUM,0
HSK100,Shrink,Uzun,WELDON,307.2,894.9,396.1,MEDIUM,0
BT40,Shrink,Kısa,MORSE,343.8,694.2,364.2,HIGH,1
HSK63,Pens&Bilyalı,Kısa,MORSE,120.6,277.3,264.0,LOW,0
HSK100,Pens&Bilyalı,Uzun,DIN6499,134.0,340.3,262.0,LOW,0
BT40,Kollet,Uzun,MORSE,156.2,541.1,275.3,LOW,0
SK40,Shrink,Kısa,DIN6499,177.1,570.5,292.8,LOW,0
SK40,Kollet,Uzun,DIN6499,9.2,19.2,217.6,LOW,0
BBT40,Pens&Bilyalı,Kısa,ER,319.7,539.2,363.9,MEDIUM,0
CAPTO,Kollet,Uzun,DIN6499,112.2,433.4,229.9,LOW,0
HSK100,Shrink,İnce,MORSE,162.1,471.2,208.2,MEDIUM,0
BBT30,Shrink,Uzun,WELDON,138.4,522.3,222.5,LOW,0
CAPTO,Shrink,Kısa,DIN6499,49.7,121.2,382.0,LOW,0
HSK63,Pens&Bilyalı,İnce,MORSE,151.2,366.4,208.1,MEDIUM,0
BT40,Shrink,İnce,MORSE,68.3,156.9,208.9,LOW,0
BT40,Kollet,İnce,DIN6499,98.2,235.1,157.0,LOW,0
BBT40,Kollet,İnce,MORSE,16.0,62.2,155.9,LOW,0
BT40,Shrink,Uzun,ER,189.0,369.9,324.6,LOW,0
BBT40,Pens&Bilyalı,İnce,WELDON,45.1,155.8,223.9,LOW,0
BT40,Shrink,Kısa,WELDON,11.0,21.1,314.1,LOW,0
HSK63,Kollet,Kısa,DIN6499,173.4,449.7,242.6,MEDIUM,0
BT40,Pens&Bilyalı,Kısa,DIN6499,215.8,538.5,239.2,HIGH,1
HSK63,Kollet,İnce,MORSE,168.7,613.2,216.2,MEDIUM,0
HSK63,Pens&Bilyalı,Kısa,DIN6499,159.4,395.9,263.1,LOW,0
SK40,Kollet,Kısa,DIN6499,77.5,252.9,186.7,LOW,0
HSK63,Shrink,Uzun,ER,455.8,851.7,425.6,HIGH,1
HSK63,Pens&Bilyalı,Kısa,DIN6499,282.6,864.3,306.2,HIGH,1
BT40,Pens&Bilyalı,İnce,MORSE,28.7,112.1,177.3,LOW,0
BT40,Shrink,Uzun,ER,21.0,81.8,306.5,LOW,0
BBT40,Kollet,İnce,ER,140.9,376.3,221.5,LOW,0
HSK63,Shrink,İnce,DIN6499,212.5,375.4,319.9,LOW,0
BBT40,Kollet,Uzun,MORSE,224.0,755.2,199.1,HIGH,1
BBT50,Kollet,Uzun,WELDON,104.2,321.1,253.5,LOW,0
BBT30,Kollet,Kısa,WELDON,193.3,299.4,216.6,MEDIUM,0
BBT30,Shrink,Uzun,ER,42.1,104.6,221.1,LOW,0
BBT40,Pens&Bilyalı,Kısa,WELDON,68.5,167.2,323.4,LOW,0
HSK100,Pens&Bilyalı,Uzun,WELDON,202.3,787.7,267.0,MEDIUM,0
BT40,Shrink,Uzun,ER,166.2,420.4,285.4,LOW,0
HSK100,Kollet,Kısa,MORSE,133.2,519.5,328.3,LOW,0
BT40,Kollet,Uzun,DIN6499,231.3,354.2,225.1,HIGH,1
BT40,Pens&Bilyalı,Uzun,DIN6499,58.1,172.3,246.7,LOW,0
BT40,Shrink,Kısa,WELDON,198.2,704.1,327.3,LOW,0
HSK63,Kollet,Kısa,MORSE,104.0,243.9,310.3,LOW,0
BT40,Shrink,Uzun,MORSE,19.9,72.7,338.6,LOW,0
HSK100,Pens&Bilyalı,İnce,DIN6499,61.7,203.7,228.7,LOW,0
HSK63,Pens&Bilyalı,İnce,WELDON,179.5,368.3,200.5,MEDIUM,0
BT40,Kollet,Kısa,ER,156.4,500.8,224.2,LOW,0
SK40,Pens&Bilyalı,İnce,DIN6499,172.6,533.9,156.5,HIGH,1
HSK63,Shrink,Kısa,DIN6499,189.7,636.3,374.3,LOW,0
HSK63,Shrink,Kısa,ER,225.1,634.8,318.8,MEDIUM,0
BT40,Pens&Bilyalı,Uzun,WELDON,76.2,219.8,279.1,LOW,0
HSK63,Shrink,İnce,MORSE,252.1,406.1,263.2,HIGH,1
HSK63,Kollet,İnce,MORSE,8.2,21.0,135.4,LOW,0
HSK100,Kollet,Kısa,DIN6499,20.1,62.9,262.5,LOW,0
BBT40,Kollet,Uzun,DIN6499,63.4,191.7,251.7,LOW,0
SK40,Kollet,İnce,WELDON,78.9,235.5,155.3,LOW,0
HSK63,Shrink,Kısa,DIN6499,149.0,449.2,389.4,LOW,0
BT40,Pens&Bilyalı,Uzun,WELDON,27.1,94.2,243.6,LOW,0
BBT30,Kollet,Kısa,DIN6499,66.6,152.2,237.1,LOW,0
BT40,Shrink,İnce,DIN6499,110.0,319.0,225.6,LOW,0
HSK63,Shrink,İnce,DIN6499,215.5,715.3,295.5,MEDIUM,0
BBT40,Kollet,Uzun,ER,14.0,40.6,266.9,LOW,0
HSK63,Pens&Bilyalı,Kısa,WELDON,320.8,942.0,297.0,HIGH,1
BBT40,Pens&Bilyalı,Kısa,ER,227.5,482.1,367.7,LOW,0
HSK100,Kollet,İnce,WELDON,215.0,759.6,209.7,HIGH,1
HSK63,Shrink,İnce,ER,74.8,139.1,227.4,LOW,0
BT40,Pens&Bilyalı,İnce,WELDON,157.4,559.2,172.3,HIGH,1
HSK63,Pens&Bilyalı,Uzun,MORSE,279.6,916.5,274.5,HIGH,1
BBT40,Kollet,Uzun,WELDON,127.1,498.2,240.2,LOW,0
CAPTO,Shrink,İnce,MORSE,204.5,506.5,267.7,MEDIUM,0
BBT40,Shrink,İnce,ER,108.8,432.7,253.7,LOW,0
BBT40,Kollet,İnce,MORSE,14.5,29.9,161.8,LOW,0
HSK100,Kollet,Uzun,WELDON,272.0,934.0,258.9,HIGH,1
BBT50,Shrink,İnce,ER,87.3,320.4,274.6,LOW,0
BBT40,Kollet,Kısa,MORSE,104.2,251.8,257.4,LOW,0
BT40,Kollet,Kısa,WELDON,218.0,469.3,249.3,MEDIUM,0
SK40,Pens&Bilyalı,İnce,WELDON,163.1,302.7,180.2,HIGH,1
BT40,Pens&Bilyalı,Kısa,ER,229.8,413.1,331.5,LOW,0
BBT40,Shrink,Uzun,MORSE,82.1,290.7,320.0,LOW,0
BBT50,Shrink,İnce,DIN6499,199.3,576.5,252.0,MEDIUM,0
BBT30,Kollet,İnce,WELDON,126.0,367.5,122.0,HIGH,1
HSK100,Pens&Bilyalı,İnce,DIN6499,64.4,169.1,258.9,LOW,0
BBT50,Shrink,Uzun,WELDON,269.7,407.8,369.5,MEDIUM,0
BBT40,Pens&Bilyalı,Kısa,WELDON,14.7,45.9,325.1,LOW,0
BBT30,Shrink,Kısa,ER,174.0,406.9,246.9,MEDIUM,0
HSK100,Shrink,İnce,DIN6499,242.1,718.0,289.8,MEDIUM,0
HSK63,Shrink,İnce,WELDON,221.9,644.2,295.2,MEDIUM,0
BT40,Shrink,İnce,ER,114.2,203.8,229.2,LOW,0
BT40,Shrink,Kısa,WELDON,197.2,564.6,352.6,LOW,0
BBT40,Kollet,Uzun,DIN6499,182.8,724.1,228.6,MEDIUM,0
HSK63,Pens&Bilyalı,Kısa,MORSE,88.5,157.3,260.9,LOW,0
HSK63,Shrink,İnce,ER,149.5,591.8,233.7,LOW,0
BT40,Pens&Bilyalı,İnce,ER,263.5,897.3,246.4,HIGH,1
HSK63,Pens&Bilyalı,Kısa,WELDON,51.3,141.4,328.6,LOW,0
BT40,Pens&Bilyalı,Kısa,ER,88.6,239.8,266.6,LOW,0
BBT50,Shrink,Kısa,DIN6499,194.7,565.2,433.2,LOW,0
HSK100,Pens&Bilyalı,Kısa,MORSE,133.9,493.5,363.9,LOW,0
BBT40,Kollet,Uzun,DIN6499,112.6,257.3,256.8,LOW,0
BT40,Shrink,Uzun,ER,74.4,236.8,348.9,LOW,0
BBT40,Kollet,Uzun,WELDON,248.9,393.1,262.9,HIGH,1
BT40,Shrink,Uzun,DIN6499,272.3,486.9,264.4,HIGH,1
HSK63,Shrink,Kısa,WELDON,172.4,414.3,351.8,LOW,0
BBT50,Kollet,Kısa,WELDON,208.0,681.5,218.0,HIGH,1
HSK63,Kollet,Kısa,DIN6499,112.7,347.7,232.2,LOW,0
BBT40,Kollet,İnce,MORSE,47.9,159.8,207.3,LOW,0
HSK100,Shrink,Uzun,MORSE,190.3,377.9,318.7,LOW,0
BT40,Shrink,İnce,ER,39.7,123.9,227.4,LOW,0
HSK100,Kollet,Uzun,WELDON,296.4,753.9,282.1,HIGH,1
HSK63,Kollet,Kısa,ER,147.9,420.3,236.3,LOW,0
BT40,Kollet,İnce,ER,2.9,4.7,183.9,LOW,0
BBT50,Pens&Bilyalı,Uzun,WELDON,142.4,534.1,298.7,LOW,0
BBT40,Shrink,İnce,WELDON,50.5,90.1,242.2,LOW,0
BT40,Kollet,Uzun,ER,132.0,280.7,190.4,LOW,0
BBT40,Kollet,Uzun,WELDON,182.8,461.5,199.6,HIGH,1
HSK63,Shrink,İnce,WELDON,65.5,193.0,238.7,LOW,0
BT40,Shrink,Uzun,MORSE,193.7,530.7,252.8,MEDIUM,0
BBT40,Shrink,Uzun,WELDON,206.8,428.6,343.6,LOW,0
BT40,Shrink,Kısa,DIN6499,179.7,678.6,422.7,LOW,0
BBT50,Shrink,Kısa,MORSE,131.1,384.2,481.8,LOW,0
BBT50,Kollet,Kısa,WELDON,21.5,68.5,290.7,LOW,0
HSK63,Shrink,Uzun,MORSE,310.0,583.8,295.0,HIGH,1
BBT30,Kollet,Kısa,WELDON,67.1,213.3,184.7,LOW,0
BBT40,Kollet,Kısa,DIN6499,80.6,270.3,279.3,LOW,0
BBT30,Shrink,Kısa,WELDON,145.0,331.8,252.1,LOW,0
HSK100,Kollet,Uzun,WELDON,86.1,194.2,249.4,LOW,0
CAPTO,Pens&Bilyalı,Uzun,MORSE,251.2,457.5,237.7,HIGH,1
BT40,Kollet,İnce,WELDON,141.3,309.1,177.6,MEDIUM,0
BBT50,Pens&Bilyalı,İnce,DIN6499,76.0,147.8,199.0,LOW,0
BBT30,Kollet,İnce,ER,149.6,424.7,143.7,HIGH,1
BBT40,Shrink,Kısa,DIN6499,94.9,184.4,290.3,LOW,0
BBT50,Pens&Bilyalı,Kısa,ER,265.3,788.9,429.2,LOW,0
HSK100,Kollet,İnce,ER,117.1,236.8,215.3,LOW,0
HSK63,Kollet,Uzun,DIN6499,46.9,75.9,233.6,LOW,0
BT40,Kollet,Uzun,WELDON,143.8,493.9,241.2,LOW,0
BT40,Shrink,Uzun,ER,137.2,474.4,338.5,LOW,0
CAPTO,Pens&Bilyalı,İnce,ER,151.3,555.8,183.7,MEDIUM,0
BT40,Pens&Bilyalı,Uzun,ER,253.7,781.1,286.1,MEDIUM,0
SK40,Kollet,Uzun,WELDON,165.5,290.8,216.0,MEDIUM,0
BBT50,Kollet,İnce,MORSE,146.0,308.9,197.0,MEDIUM,0
CAPTO,Shrink,Uzun,ER,149.2,538.3,372.8,LOW,0
HSK63,Kollet,Kısa,MORSE,98.0,232.4,249.1,LOW,0
BT40,Pens&Bilyalı,Kısa,MORSE,302.1,1049.7,289.7,HIGH,1
BT40,Kollet,Uzun,MORSE,161.1,259.0,268.3,LOW,0
CAPTO,Kollet,Uzun,WELDON,71.4,259.7,223.5,LOW,0
BBT40,Pens&Bilyalı,İnce,MORSE,117.7,188.5,209.7,LOW,0
BT40,Pens&Bilyalı,İnce,WELDON,18.9,67.7,148.0,LOW,0
BT40,Kollet,Uzun,MORSE,92.4,194.1,213.1,LOW,0
BT40,Shrink,Kısa,ER,282.6,1105.9,434.3,LOW,0
BBT40,Pens&Bilyalı,Uzun,ER,106.4,337.3,287.4,LOW,0
HSK63,Pens&Bilyalı,Kısa,ER,285.9,1074.2,266.9,HIGH,1
HSK63,Kollet,Kısa,MORSE,276.7,1049.3,261.8,HIGH,1
HSK63,Kollet,Kısa,MORSE,83.6,146.9,299.8,LOW,0
HSK63,Pens&Bilyalı,Uzun,DIN6499,332.4,1264.9,301.0,HIGH,1
HSK63,Kollet,Uzun,MORSE,14.9,46.3,268.6,LOW,0
HSK63,Shrink,Uzun,MORSE,439.8,1321.0,431.1,HIGH,1
BBT30,Shrink,Uzun,MORSE,138.8,344.9,213.6,LOW,0
SK40,Shrink,Uzun,MORSE,180.8,656.9,345.5,LOW,0
SK40,Kollet,İnce,WELDON,121.0,243.1,144.8,MEDIUM,0
HSK63,Kollet,Kısa,DIN6499,220.2,773.6,282.7,MEDIUM,0
BBT40,Kollet,Uzun,MORSE,97.6,183.0,250.0,LOW,0
HSK63,Shrink,Uzun,MORSE,357.0,1030.3,370.5,HIGH,1
HSK100,Kollet,İnce,WELDON,128.8,446.2,183.3,MEDIUM,0
BBT40,Shrink,İnce,WELDON,255.7,994.1,248.1,HIGH,1
BT40,Pens&Bilyalı,Kısa,DIN6499,119.2,452.6,329.1,LOW,0
HSK100,Shrink,Uzun,MORSE,78.0,186.3,348.1,LOW,0
HSK63,Shrink,Uzun,ER,256.6,900.3,396.5,LOW,0
BT40,Pens&Bilyalı,İnce,MORSE,31.6,70.0,199.9,LOW,0
HSK63,Kollet,İnce,ER,114.8,320.2,190.0,LOW,0
BBT40,Pens&Bilyalı,Kısa,ER,302.2,888.1,272.8,HIGH,1
HSK63,Pens&Bilyalı,Kısa,WELDON,228.2,462.2,294.3,MEDIUM,0
BT40,Shrink,Kısa,MORSE,100.2,179.3,362.4,LOW,0
SK40,Shrink,İnce,DIN6499,116.2,352.7,234.3,LOW,0
HSK63,Kollet,Uzun,ER,13.5,39.3,249.1,LOW,0
HSK63,Kollet,Uzun,WELDON,47.6,92.0,253.7,LOW,0
SK40,Pens&Bilyalı,Kısa,DIN6499,164.9,599.1,238.9,LOW,0
HSK63,Kollet,Kısa,ER,161.2,491.1,197.7,MEDIUM,0
BBT50,Kollet,Uzun,MORSE,120.6,240.6,315.9,LOW,0
HSK63,Kollet,Uzun,ER,122.7,482.8,233.6,LOW,0
HSK100,Kollet,Kısa,WELDON,19.9,67.1,252.7,LOW,0
BBT50,Kollet,İnce,WELDON,9.6,16.0,163.6,LOW,0
BT40,Shrink,Uzun,DIN6499,35.1,69.7,367.5,LOW,0
HSK100,Kollet,Uzun,ER,240.3,881.9,227.2,HIGH,1
BBT40,Pens&Bilyalı,İnce,WELDON,174.9,267.5,225.1,MEDIUM,0
BT40,Kollet,Uzun,WELDON,188.7,328.8,228.2,MEDIUM,0
HSK63,Kollet,İnce,MORSE,157.0,490.2,171.8,HIGH,1
HSK63,Pens&Bilyalı,İnce,WELDON,35.1,116.8,162.1,LOW,0
BBT40,Shrink,Uzun,WELDON,256.2,655.4,285.6,MEDIUM,0
BT40,Pens&Bilyalı,Kısa,DIN6499,172.6,562.2,259.0,LOW,0
SK40,Shrink,Uzun,MORSE,55.5,162.5,308.3,LOW,0
HSK63,Shrink,Uzun,WELDON,186.1,485.8,311.8,LOW,0
CAPTO,Kollet,Kısa,WELDON,218.0,823.3,235.9,HIGH,1
BT40,Pens&Bilyalı,Kısa,DIN6499,283.8,1066.2,339.5,MEDIUM,0
BT40,Kollet,Kısa,DIN6499,126.3,308.1,258.0,LOW,0
BBT50,Kollet,Uzun,ER,29.1,94.7,271.5,LOW,0
BBT30,Kollet,İnce,ER,98.4,385.8,129.1,MEDIUM,0
BT40,Kollet,Kısa,DIN6499,79.6,135.9,224.8,LOW,0
HSK63,Shrink,İnce,WELDON,208.6,640.9,228.5,HIGH,1
BBT40,Shrink,İnce,ER,172.6,519.7,283.5,LOW,0
BT40,Kollet,İnce,MORSE,22.0,58.1,141.4,LOW,0
BBT40,Kollet,Kısa,MORSE,195.7,669.7,259.4,MEDIUM,0
BBT30,Kollet,Kısa,DIN6499,174.2,457.1,242.6,MEDIUM,0
BT40,Kollet,Kısa,ER,42.3,157.4,245.6,LOW,0
HSK63,Shrink,Kısa,WELDON,81.0,152.7,353.3,LOW,0
BT40,Shrink,İnce,DIN6499,78.7,307.1,252.1,LOW,0
BBT50,Shrink,Kısa,MORSE,317.9,952.2,383.7,MEDIUM,0
BT40,Shrink,Kısa,WELDON,131.8,485.9,382.2,LOW,0
BT40,Shrink,Kısa,ER,103.7,220.2,324.9,LOW,0
SK40,Kollet,Kısa,MORSE,262.3,915.8,228.8,HIGH,1
BBT50,Shrink,İnce,DIN6499,217.8,428.6,289.5,MEDIUM,0
HSK63,Kollet,Kısa,DIN6499,211.0,546.7,232.4,HIGH,1
BBT40,Pens&Bilyalı,İnce,WELDON,109.3,380.6,206.0,LOW,0
CAPTO,Pens&Bilyalı,Uzun,MORSE,195.6,391.0,264.0,MEDIUM,0
HSK100,Pens&Bilyalı,Uzun,MORSE,45.6,137.1,320.9,LOW,0
BBT30,Pens&Bilyalı,Kısa,MORSE,244.8,476.5,243.1,HIGH,1
BBT50,Pens&Bilyalı,Kısa,WELDON,147.4,457.1,365.3,LOW,0
BBT40,Kollet,Uzun,DIN6499,253.7,809.9,265.0,HIGH,1
HSK63,Pens&Bilyalı,Uzun,MORSE,158.1,300.3,243.9,LOW,0
BBT30,Pens&Bilyalı,İnce,MORSE,2.5,8.1,163.6,LOW,0
BBT40,Pens&Bilyalı,Uzun,WELDON,95.2,180.5,237.8,LOW,0
SK40,Pens&Bilyalı,Uzun,ER,108.9,177.2,196.0,LOW,0
HSK63,Kollet,Uzun,ER,70.5,273.6,296.3,LOW,0
SK40,Pens&Bilyalı,İnce,ER,86.4,215.6,184.2,LOW,0
BBT30,Kollet,Uzun,ER,108.5,281.2,166.4,LOW,0
BT40,Shrink,Kısa,WELDON,111.1,344.5,405.8,LOW,0
BBT40,Pens&Bilyalı,İnce,MORSE,85.0,252.9,237.1,LOW,0
HSK63,Pens&Bilyalı,Kısa,WELDON,229.9,534.6,319.5,MEDIUM,0
BBT40,Pens&Bilyalı,Uzun,WELDON,82.3,139.3,314.0,LOW,0
BBT40,Shrink,Uzun,WELDON,262.1,929.0,334.3,MEDIUM,0
HSK63,Pens&Bilyalı,Kısa,DIN6499,237.2,578.5,317.4,MEDIUM,0
HSK63,Pens&Bilyalı,İnce,WELDON,7.1,27.4,200.9,LOW,0
BBT40,Kollet,Uzun,DIN6499,233.8,673.5,230.2,HIGH,1
BBT40,Pens&Bilyalı,Uzun,ER,119.8,264.6,267.3,LOW,0
HSK100,Kollet,İnce,ER,52.9,84.9,222.5,LOW,0
HSK63,Shrink,Uzun,MORSE,93.4,213.7,288.5,LOW,0
BBT30,Kollet,İnce,ER,75.7,202.8,155.3,LOW,0
CAPTO,Kollet,Kısa,DIN6499,148.4,557.8,282.7,LOW,0
BT40,Shrink,İnce,DIN6499,70.9,214.6,261.2,LOW,0
BBT50,Kollet,Kısa,MORSE,233.6,567.9,268.2,MEDIUM,0
HSK100,Pens&Bilyalı,Kısa,MORSE,281.2,479.2,374.0,MEDIUM,0
HSK63,Shrink,Uzun,DIN6499,267.9,903.5,364.8,MEDIUM,0
BBT40,Kollet,Kısa,MORSE,211.1,423.4,324.4,LOW,0
HSK63,Kollet,Uzun,ER,170.6,291.7,242.0,MEDIUM,0
HSK100,Pens&Bilyalı,İnce,MORSE,156.4,536.5,220.2,MEDIUM,0
SK40,Shrink,Uzun,DIN6499,127.4,497.4,304.8,LOW,0
BBT50,Shrink,Uzun,ER,161.9,480.6,342.4,LOW,0
BBT40,Shrink,İnce,MORSE,145.0,494.5,258.0,LOW,0
BT40,Kollet,Uzun,ER,77.5,244.2,239.1,LOW,0
CAPTO,Pens&Bilyalı,İnce,DIN6499,147.5,511.8,216.1,LOW,0
BT40,Shrink,Uzun,WELDON,278.2,712.9,331.9,MEDIUM,0
BBT40,Shrink,Uzun,DIN6499,42.8,161.4,392.6,LOW,0
HSK100,Shrink,Kısa,DIN6499,139.6,502.4,424.0,LOW,0
HSK63,Shrink,Uzun,ER,25.7,57.5,278.4,LOW,0
SK40,Shrink,Kısa,MORSE,320.5,1116.2,350.3,HIGH,1
BBT50,Shrink,Uzun,MORSE,293.0,467.3,334.8,MEDIUM,0
BT40,Kollet,İnce,DIN6499,41.1,155.0,164.9,LOW,0
HSK100,Shrink,Kısa,DIN6499,422.8,757.6,428.7,HIGH,1
BT40,Pens&Bilyalı,Kısa,MORSE,188.6,575.0,320.4,LOW,0
BT40,Pens&Bilyalı,Kısa,DIN6499,188.4,624.8,244.8,MEDIUM,0
HSK63,Pens&Bilyalı,Uzun,MORSE,51.0,92.0,270.9,LOW,0
HSK63,Kollet,İnce,WELDON,107.6,280.5,203.2,LOW,0
SK40,Kollet,Kısa,ER,142.6,435.2,238.3,LOW,0
BT40,Pens&Bilyalı,Uzun,MORSE,115.2,182.6,273.2,LOW,0
BBT50,Pens&Bilyalı,Uzun,MORSE,190.4,428.7,286.4,LOW,0
HSK100,Pens&Bilyalı,İnce,MORSE,156.7,348.9,185.1,MEDIUM,0
HSK100,Pens&Bilyalı,İnce,ER,133.1,346.6,201.4,LOW,0
HSK63,Pens&Bilyalı,Kısa,DIN6499,283.5,750.2,327.2,MEDIUM,0
BT40,Pens&Bilyalı,İnce,MORSE,100.7,355.3,208.2,LOW,0
BT40,Shrink,İnce,DIN6499,271.5,1069.2,242.1,HIGH,1
BBT50,Pens&Bilyalı,Uzun,WELDON,182.6,499.1,289.1,LOW,0
CAPTO,Kollet,Uzun,MORSE,163.6,389.1,225.4,MEDIUM,0
SK40,Kollet,Uzun,ER,15.9,39.9,183.2,LOW,0
HSK63,Shrink,İnce,ER,262.0,792.8,261.7,HIGH,1
BBT30,Kollet,Kısa,MORSE,213.2,464.7,193.6,HIGH,1
HSK63,Pens&Bilyalı,İnce,MORSE,24.3,59.5,191.7,LOW,0
BT40,Shrink,Kısa,DIN6499,43.4,105.9,456.8,LOW,0
HSK63,Kollet,Kısa,ER,80.6,186.8,238.2,LOW,0
BT40,Pens&Bilyalı,Uzun,MORSE,153.5,588.6,312.5,LOW,0
HSK63,Kollet,Kısa,DIN6499,214.3,650.6,259.4,MEDIUM,0
BT40,Shrink,İnce,ER,317.9,1215.6,294.2,HIGH,1
HSK63,Pens&Bilyalı,Kısa,MORSE,114.9,327.0,315.3,LOW,0
HSK100,Kollet,İnce,MORSE,246.9,899.6,226.8,HIGH,1
HSK63,Shrink,Uzun,MORSE,397.2,1165.2,350.5,HIGH,1
BBT30,Pens&Bilyalı,Kısa,WELDON,58.9,90.4,278.1,LOW,0
BT40,Pens&Bilyalı,Uzun,MORSE,148.0,274.5,296.8,LOW,0
BBT40,Kollet,Kısa,MORSE,226.0,606.1,279.9,MEDIUM,0
HSK63,Kollet,Kısa,WELDON,276.2,802.3,253.7,HIGH,1
BBT40,Kollet,Uzun,ER,12.3,24.8,210.7,LOW,0
BT40,Kollet,Uzun,MORSE,12.8,50.1,242.8,LOW,0
HSK63,Kollet,Kısa,ER,175.8,612.0,249.5,MEDIUM,0
BT40,Pens&Bilyalı,İnce,WELDON,31.6,109.2,229.9,LOW,0
CAPTO,Pens&Bilyalı,Uzun,ER,122.2,269.2,252.8,LOW,0
BT40,Pens&Bilyalı,Kısa,DIN6499,205.6,564.4,338.2,LOW,0
BT40,Pens&Bilyalı,Uzun,MORSE,67.0,181.6,234.7,LOW,0
HSK63,Shrink,İnce,ER,69.2,224.3,188.9,LOW,0
BT40,Pens&Bilyalı,İnce,DIN6499,8.9,16.8,177.6,LOW,0
BBT30,Kollet,İnce,MORSE,6.5,25.7,161.5,LOW,0
HSK63,Pens&Bilyalı,Kısa,MORSE,276.3,741.2,339.9,MEDIUM,0
BBT40,Shrink,Kısa,WELDON,336.9,1159.2,330.7,HIGH,1
BT40,Kollet,İnce,MORSE,2.4,9.2,154.2,LOW,0
HSK100,Shrink,Uzun,ER,100.2,367.4,426.7,LOW,0
BT40,Shrink,Kısa,ER,163.8,449.3,305.1,LOW,0
HSK63,Kollet,İnce,ER,69.7,277.4,183.7,LOW,0
HSK63,Kollet,Uzun,ER,140.1,289.8,249.7,LOW,0
HSK100,Pens&Bilyalı,Uzun,MORSE,341.5,1251.8,334.9,HIGH,1
BBT50,Shrink,Uzun,DIN6499,445.9,1446.3,418.4,HIGH,1
HSK100,Shrink,İnce,WELDON,42.6,114.3,301.0,LOW,0
HSK63,Kollet,İnce,WELDON,112.2,194.7,218.3,LOW,0
HSK63,Pens&Bilyalı,Kısa,WELDON,272.4,570.4,323.0,MEDIUM,0
HSK63,Pens&Bilyalı,Kısa,DIN6499,39.9,139.8,250.9,LOW,0
HSK63,Kollet,Uzun,MORSE,68.2,242.3,275.9,LOW,0
BT40,Pens&Bilyalı,İnce,ER,183.1,555.3,200.4,HIGH,1
SK40,Pens&Bilyalı,Kısa,DIN6499,267.8,436.0,245.2,HIGH,1
HSK63,Kollet,İnce,ER,80.1,190.0,167.6,LOW,0
HSK100,Kollet,Kısa,DIN6499,250.4,919.5,277.8,HIGH,1
BBT30,Pens&Bilyalı,Kısa,DIN6499,201.4,788.7,209.2,HIGH,1
HSK63,Shrink,İnce,MORSE,218.1,347.1,269.4,MEDIUM,0
CAPTO,Kollet,Uzun,MORSE,284.2,631.3,271.2,HIGH,1
SK40,Pens&Bilyalı,İnce,DIN6499,197.7,737.4,193.4,HIGH,1
HSK63,Pens&Bilyalı,Kısa,ER,83.2,125.2,291.0,LOW,0
CAPTO,Kollet,Uzun,MORSE,78.2,184.4,212.1,LOW,0
BT40,Shrink,Uzun,DIN6499,267.5,981.8,293.4,HIGH,1
BBT40,Shrink,Uzun,WELDON,375.6,1467.4,344.4,HIGH,1
CAPTO,Pens&Bilyalı,Kısa,ER,141.2,326.8,309.8,LOW,0
HSK63,Shrink,İnce,MORSE,4.3,9.2,259.5,LOW,0
HSK100,Kollet,İnce,WELDON,39.8,122.3,188.5,LOW,0
HSK63,Pens&Bilyalı,İnce,WELDON,133.0,465.3,178.7,MEDIUM,0
BBT40,Shrink,Uzun,DIN6499,364.9,816.2,384.9,HIGH,1
BT40,Shrink,Uzun,ER,0.7,1.0,297.5,LOW,0
BT40,Kollet,Uzun,ER,79.7,256.0,205.4,LOW,0
BBT50,Kollet,İnce,DIN6499,194.7,677.3,184.1,HIGH,1
BBT40,Kollet,Uzun,ER,279.6,861.3,256.0,HIGH,1
BT40,Kollet,Uzun,DIN6499,158.0,477.5,270.3,LOW,0
BBT40,Shrink,Kısa,MORSE,56.0,131.0,328.2,LOW,0
HSK63,Kollet,Uzun,WELDON,142.3,421.7,195.1,MEDIUM,0
CAPTO,Kollet,Uzun,WELDON,108.3,401.6,267.9,LOW,0
BT40,Kollet,Kısa,WELDON,309.1,993.3,278.2,HIGH,1
HSK63,Shrink,İnce,MORSE,219.2,670.7,221.1,HIGH,1
BT40,Pens&Bilyalı,Kısa,ER,165.5,270.8,333.1,LOW,0
BBT30,Shrink,İnce,WELDON,124.5,288.8,222.3,LOW,0
BBT40,Pens&Bilyalı,Uzun,DIN6499,24.6,38.8,320.3,LOW,0
BBT40,Shrink,İnce,WELDON,133.7,270.6,240.0,LOW,0
BT40,Pens&Bilyalı,Uzun,ER,238.0,595.0,341.6,LOW,0
HSK63,Kollet,Uzun,MORSE,173.6,360.9,287.7,LOW,0
HSK63,Shrink,Uzun,WELDON,353.6,686.9,319.8,HIGH,1
HSK63,Kollet,Kısa,DIN6499,89.9,316.3,226.2,LOW,0
HSK63,Shrink,İnce,ER,276.8,851.3,291.2,HIGH,1
HSK100,Pens&Bilyalı,Uzun,MORSE,263.2,806.5,329.8,MEDIUM,0
BT40,Shrink,İnce,DIN6499,44.4,146.9,235.6,LOW,0
BBT40,Shrink,Uzun,WELDON,151.2,447.2,360.0,LOW,0
CAPTO,Kollet,Kısa,DIN6499,204.1,557.0,254.8,MEDIUM,0
HSK63,Pens&Bilyalı,İnce,DIN6499,102.7,256.2,197.6,LOW,0
BBT50,Pens&Bilyalı,İnce,ER,152.9,354.5,288.0,LOW,0
BT40,Kollet,Uzun,DIN6499,65.5,252.0,199.6,LOW,0
BBT50,Kollet,İnce,WELDON,139.9,258.9,173.0,MEDIUM,0
BBT50,Kollet,Uzun,WELDON,201.7,318.1,282.4,MEDIUM,0
BBT50,Pens&Bilyalı,Uzun,DIN6499,234.2,824.5,263.6,MEDIUM,0
BBT40,Kollet,İnce,ER,201.1,771.4,191.5,HIGH,1
HSK100,Shrink,İnce,DIN6499,195.2,776.1,266.4,MEDIUM,0
BT40,Pens&Bilyalı,Uzun,WELDON,215.7,563.6,303.9,MEDIUM,0
BBT40,Kollet,Uzun,ER,227.7,819.4,241.8,HIGH,1
BT40,Pens&Bilyalı,İnce,MORSE,64.1,191.0,193.9,LOW,0
BBT40,Pens&Bilyalı,Kısa,WELDON,213.7,490.4,320.8,LOW,0
BBT40,Pens&Bilyalı,Uzun,WELDON,264.9,448.9,283.8,HIGH,1
BT40,Shrink,İnce,DIN6499,254.1,553.0,257.9,HIGH,1
HSK63,Kollet,İnce,WELDON,71.7,247.2,247.1,LOW,0
HSK63,Kollet,İnce,DIN6499,113.9,230.7,174.6,LOW,0
BBT30,Pens&Bilyalı,Kısa,MORSE,198.5,556.7,226.4,MEDIUM,0
HSK63,Pens&Bilyalı,Uzun,ER,116.1,457.3,274.1,LOW,0
BT40,Pens&Bilyalı,Uzun,WELDON,65.2,121.3,267.3,LOW,0
HSK63,Kollet,Uzun,DIN6499,200.6,675.5,248.8,MEDIUM,0
CAPTO,Kollet,Kısa,DIN6499,161.0,345.2,290.7,LOW,0
BBT40,Pens&Bilyalı,Uzun,MORSE,223.4,498.2,277.5,MEDIUM,0
HSK100,Kollet,Kısa,ER,379.6,1212.9,367.6,HIGH,1
BT40,Pens&Bilyalı,Uzun,DIN6499,13.1,28.1,239.7,LOW,0
HSK100,Kollet,Uzun,ER,287.7,802.9,287.9,HIGH,1
BT40,Pens&Bilyalı,Uzun,MORSE,52.2,156.6,288.9,LOW,0
HSK63,Kollet,Kısa,MORSE,182.0,314.5,231.0,MEDIUM,0
HSK63,Shrink,Uzun,ER,288.7,1118.9,299.8,HIGH,1
HSK63,Kollet,İnce,WELDON,173.8,424.0,151.9,HIGH,1
BBT40,Kollet,Uzun,WELDON,31.1,116.9,257.9,LOW,0
HSK63,Pens&Bilyalı,İnce,MORSE,23.8,67.1,192.0,LOW,0
CAPTO,Shrink,İnce,MORSE,33.8,55.5,228.9,LOW,0
HSK63,Pens&Bilyalı,Kısa,WELDON,316.2,1085.0,358.2,MEDIUM,0
BT40,Kollet,Kısa,DIN6499,42.2,85.6,246.5,LOW,0
SK40,Shrink,Uzun,ER,107.1,203.7,295.5,LOW,0
BT40,Kollet,Kısa,MORSE,80.6,253.1,217.9,LOW,0
HSK63,Pens&Bilyalı,Kısa,MORSE,47.3,84.3,295.5,LOW,0
HSK63,Pens&Bilyalı,İnce,DIN6499,125.2,239.6,246.5,LOW,0
HSK100,Kollet,Kısa,WELDON,367.4,572.0,373.9,HIGH,1
BBT40,Shrink,İnce,MORSE,231.2,595.8,260.5,MEDIUM,0
HSK100,Pens&Bilyalı,Kısa,DIN6499,415.5,1013.6,369.8,HIGH,1
BBT50,Kollet,İnce,WELDON,96.0,354.3,165.7,LOW,0
SK40,Shrink,İnce,ER,143.3,440.1,206.9,LOW,0
HSK100,Pens&Bilyalı,Uzun,MORSE,96.0,269.5,285.2,LOW,0
HSK63,Pens&Bilyalı,İnce,ER,95.2,249.3,231.2,LOW,0
BBT40,Pens&Bilyalı,Kısa,WELDON,112.0,306.6,289.9,LOW,0
BT40,Kollet,İnce,DIN6499,215.1,668.2,196.8,HIGH,1
BT40,Pens&Bilyalı,Uzun,DIN6499,110.1,293.1,218.5,LOW,0
BBT30,Kollet,Kısa,DIN6499,12.6,23.8,234.3,LOW,0
BBT40,Kollet,İnce,MORSE,119.1,360.7,235.7,LOW,0
HSK63,Shrink,Kısa,WELDON,255.5,408.9,329.2,MEDIUM,0
BT40,Shrink,Kısa,DIN6499,182.6,662.5,347.7,LOW,0
HSK100,Pens&Bilyalı,Kısa,MORSE,79.2,203.4,376.7,LOW,0
BBT50,Shrink,Uzun,DIN6499,92.6,215.0,300.7,LOW,0
BT40,Shrink,İnce,DIN6499,184.0,610.7,245.8,MEDIUM,0
HSK63,Shrink,Kısa,DIN6499,350.9,1396.4,377.0,HIGH,1
CAPTO,Shrink,Kısa,MORSE,102.9,348.6,312.2,LOW,0
BBT50,Pens&Bilyalı,Uzun,WELDON,11.2,35.1,192.5,LOW,0
HSK100,Pens&Bilyalı,İnce,ER,27.5,99.0,212.4,LOW,0
HSK100,Kollet,Kısa,DIN6499,184.5,645.2,295.7,LOW,0
BT40,Kollet,Kısa,MORSE,2.5,7.2,267.8,LOW,0
BT40,Kollet,Uzun,DIN6499,27.7,55.3,221.7,LOW,0
HSK100,Pens&Bilyalı,Uzun,DIN6499,397.3,1307.3,378.3,HIGH,1
HSK63,Shrink,Uzun,MORSE,39.3,148.5,354.2,LOW,0
BBT30,Pens&Bilyalı,İnce,DIN6499,3.6,14.1,169.1,LOW,0
HSK63,Pens&Bilyalı,İnce,WELDON,205.5,504.2,213.4,HIGH,1
HSK63,Kollet,İnce,WELDON,62.5,102.9,183.8,LOW,0
BBT40,Pens&Bilyalı,Uzun,MORSE,183.8,733.8,263.2,LOW,0
CAPTO,Shrink,İnce,DIN6499,82.1,288.1,243.2,LOW,0
SK40,Pens&Bilyalı,Kısa,DIN6499,26.1,92.1,228.6,LOW,0
BBT40,Pens&Bilyalı,Uzun,DIN6499,103.3,306.6,291.4,LOW,0
BT40,Shrink,Uzun,WELDON,309.4,994.0,321.5,HIGH,1
BT40,Pens&Bilyalı,İnce,MORSE,239.3,746.8,251.9,HIGH,1
HSK63,Kollet,Uzun,ER,202.6,595.0,226.1,MEDIUM,0
BT40,Kollet,Uzun,DIN6499,207.4,513.1,208.3,HIGH,1
BT40,Shrink,Uzun,ER,401.5,982.7,361.3,HIGH,1
HSK63,Shrink,Kısa,ER,332.9,1138.4,309.9,HIGH,1
BBT50,Shrink,Kısa,DIN6499,179.0,309.3,461.5,LOW,0
CAPTO,Pens&Bilyalı,İnce,ER,60.7,198.4,205.6,LOW,0
CAPTO,Pens&Bilyalı,Kısa,MORSE,44.1,163.0,260.1,LOW,0
BBT30,Shrink,Kısa,WELDON,312.3,815.2,274.3,HIGH,1
BBT30,Pens&Bilyalı,Uzun,MORSE,204.4,519.8,223.9,HIGH,1
HSK63,Shrink,Kısa,ER,434.9,965.7,392.9,HIGH,1
SK40,Pens&Bilyalı,Kısa,DIN6499,99.4,374.1,257.3,LOW,0
BBT30,Shrink,Uzun,MORSE,171.5,559.5,244.3,MEDIUM,0
BT40,Shrink,İnce,MORSE,27.4,57.8,223.3,LOW,0
HSK63,Shrink,İnce,ER,113.0,254.8,267.3,LOW,0
BT40,Shrink,Kısa,MORSE,314.9,957.9,314.9,HIGH,1
BBT40,Shrink,İnce,MORSE,179.6,427.4,252.1,MEDIUM,0
BT40,Pens&Bilyalı,Uzun,DIN6499,15.1,56.4,292.5,LOW,0
HSK63,Pens&Bilyalı,Kısa,MORSE,24.3,91.3,264.9,LOW,0
BBT40,Shrink,Kısa,DIN6499,319.1,1001.3,398.8,MEDIUM,0
BBT30,Pens&Bilyalı,Uzun,DIN6499,33.6,87.6,212.0,LOW,0
HSK100,Pens&Bilyalı,Uzun,ER,30.6,84.7,308.8,LOW,0
BBT30,Pens&Bilyalı,Kısa,WELDON,143.4,342.8,199.2,MEDIUM,0
BT40,Kollet,İnce,WELDON,165.1,600.7,165.6,HIGH,1
SK40,Shrink,İnce,ER,109.2,297.4,216.1,LOW,0
BBT30,Pens&Bilyalı,Uzun,MORSE,29.0,50.5,204.6,LOW,0
BBT30,Shrink,Kısa,ER,184.4,729.4,268.5,LOW,0
SK40,Shrink,Kısa,DIN6499,129.0,323.7,271.6,LOW,0
BBT30,Pens&Bilyalı,İnce,DIN6499,78.6,261.1,182.5,LOW,0
BBT50,Shrink,Uzun,WELDON,217.3,681.2,336.4,LOW,0
HSK63,Kollet,İnce,DIN6499,77.9,268.6,169.8,LOW,0
SK40,Pens&Bilyalı,Kısa,ER,273.7,914.9,258.0,HIGH,1
BT40,Kollet,Uzun,ER,92.3,250.0,286.7,LOW,0
HSK63,Pens&Bilyalı,Uzun,ER,120.8,306.9,252.7,LOW,0
BT40,Kollet,Kısa,ER,242.4,692.7,263.9,HIGH,1
BBT40,Kollet,Kısa,DIN6499,57.4,222.8,275.9,LOW,0
BT40,Kollet,İnce,WELDON,116.0,390.5,176.7,LOW,0
BBT50,Shrink,İnce,MORSE,325.1,926.4,298.4,HIGH,1
BBT40,Pens&Bilyalı,Kısa,ER,40.2,114.0,265.9,LOW,0
BBT40,Kollet,İnce,MORSE,213.4,428.4,189.8,HIGH,1
CAPTO,Pens&Bilyalı,İnce,DIN6499,23.7,88.0,146.1,LOW,0
HSK63,Pens&Bilyalı,İnce,DIN6499,154.2,522.2,274.0,LOW,0
SK40,Pens&Bilyalı,Uzun,ER,168.5,302.2,212.0,MEDIUM,0
BBT50,Kollet,Uzun,DIN6499,146.6,310.7,305.5,LOW,0
BT40,Pens&Bilyalı,Kısa,WELDON,264.1,799.1,298.4,MEDIUM,0
BT40,Shrink,Uzun,MORSE,371.8,805.9,416.5,MEDIUM,0
HSK100,Shrink,Uzun,MORSE,416.4,639.6,405.1,HIGH,1
CAPTO,Kollet,İnce,MORSE,113.1,278.5,190.6,LOW,0
HSK63,Shrink,Uzun,DIN6499,277.8,559.7,409.8,LOW,0
HSK100,Kollet,Uzun,MORSE,147.3,368.6,231.3,LOW,0
BT40,Kollet,İnce,DIN6499,158.0,484.8,165.7,HIGH,1
HSK63,Kollet,Uzun,DIN6499,208.4,696.9,283.0,MEDIUM,0
HSK100,Pens&Bilyalı,Kısa,MORSE,41.0,131.1,345.9,LOW,0
HSK63,Kollet,Kısa,MORSE,284.4,979.1,288.9,HIGH,1
HSK100,Pens&Bilyalı,Uzun,ER,148.8,541.3,377.5,LOW,0
BBT40,Shrink,Uzun,WELDON,346.9,1100.3,308.2,HIGH,1
BBT50,Shrink,Kısa,WELDON,402.4,1527.7,393.8,HIGH,1
BT40,Pens&Bilyalı,Kısa,ER,143.4,329.8,289.9,LOW,0
BBT40,Shrink,Kısa,MORSE,337.3,993.4,529.6,LOW,0
BT40,Pens&Bilyalı,İnce,ER,3.7,9.5,183.7,LOW,0
HSK100,Pens&Bilyalı,Kısa,MORSE,365.9,638.1,357.1,HIGH,1
CAPTO,Pens&Bilyalı,Kısa,MORSE,237.4,540.5,248.9,HIGH,1
HSK100,Shrink,Uzun,WELDON,230.1,660.9,399.8,LOW,0
HSK100,Kollet,Kısa,MORSE,114.8,341.2,327.7,LOW,0
BT40,Shrink,Uzun,MORSE,356.9,542.3,336.3,HIGH,1
BBT50,Kollet,Kısa,WELDON,78.1,227.9,331.0,LOW,0
BT40,Kollet,Kısa,MORSE,132.9,230.4,271.8,LOW,0
BT40,Kollet,İnce,WELDON,14.5,31.7,142.2,LOW,0
SK40,Pens&Bilyalı,Uzun,MORSE,146.9,345.2,220.1,LOW,0
BBT40,Kollet,Uzun,WELDON,293.4,789.2,289.8,HIGH,1
HSK63,Shrink,Kısa,MORSE,31.1,83.7,375.6,LOW,0
HSK100,Pens&Bilyalı,İnce,DIN6499,254.5,743.2,244.1,HIGH,1
BBT50,Pens&Bilyalı,Uzun,WELDON,259.4,646.5,360.7,MEDIUM,0
BT40,Pens&Bilyalı,Uzun,DIN6499,36.0,87.4,287.9,LOW,0
BT40,Shrink,İnce,ER,251.0,731.8,237.8,HIGH,1
BT40,Kollet,Uzun,WELDON,80.8,159.2,251.5,LOW,0
HSK100,Kollet,Kısa,MORSE,153.7,499.3,328.5,LOW,0
BT40,Pens&Bilyalı,İnce,ER,154.3,256.2,145.5,HIGH,1
BBT30,Kollet,İnce,WELDON,75.5,276.6,123.7,LOW,0
BT40,Kollet,Kısa,DIN6499,64.5,116.4,285.4,LOW,0
BT40,Shrink,İnce,MORSE,248.0,598.4,233.9,HIGH,1
BBT40,Pens&Bilyalı,Uzun,ER,200.7,375.4,285.3,MEDIUM,0
BT40,Shrink,Kısa,MORSE,404.7,814.7,375.7,HIGH,1
BBT50,Pens&Bilyalı,Uzun,MORSE,41.3,89.6,301.9,LOW,0
BBT50,Kollet,Kısa,DIN6499,100.5,293.2,273.4,LOW,0
BBT40,Pens&Bilyalı,Kısa,WELDON,172.2,426.7,343.1,LOW,0
HSK63,Shrink,İnce,WELDON,1.9,4.0,225.9,LOW,0
HSK63,Pens&Bilyalı,Uzun,WELDON,4.8,13.3,282.3,LOW,0
HSK63,Shrink,Uzun,ER,344.8,667.5,309.2,HIGH,1
BBT40,Kollet,İnce,DIN6499,80.2,274.4,209.1,LOW,0
HSK63,Shrink,İnce,WELDON,1.1,2.0,270.8,LOW,0
BT40,Kollet,Kısa,WELDON,234.6,608.3,218.8,HIGH,1
HSK63,Shrink,Uzun,ER,227.8,359.5,359.5,LOW,0
BBT40,Shrink,Kısa,WELDON,149.2,530.6,470.5,LOW,0
BT40,Pens&Bilyalı,Uzun,ER,31.2,79.3,277.8,LOW,0
BT40,Kollet,İnce,MORSE,58.7,210.0,150.7,LOW,0
BBT40,Shrink,Kısa,WELDON,155.5,589.5,459.6,LOW,0
HSK63,Pens&Bilyalı,İnce,WELDON,43.2,110.7,224.4,LOW,0
BBT40,Kollet,Uzun,WELDON,234.9,753.1,249.8,HIGH,1
BBT30,Pens&Bilyalı,Kısa,MORSE,105.8,278.5,241.4,LOW,0
BT40,Kollet,Kısa,ER,225.6,662.1,281.8,MEDIUM,0
HSK63,Kollet,İnce,ER,185.7,474.2,180.2,HIGH,1
CAPTO,Pens&Bilyalı,İnce,WELDON,172.1,649.8,167.8,HIGH,1
BBT30,Kollet,Kısa,WELDON,125.1,485.1,206.8,LOW,0
HSK63,Kollet,Kısa,ER,220.0,519.8,283.2,MEDIUM,0
BT40,Shrink,Uzun,MORSE,247.0,521.1,304.8,MEDIUM,0
HSK63,Kollet,Uzun,WELDON,50.8,117.2,250.3,LOW,0
BT40,Shrink,Kısa,DIN6499,226.9,786.8,429.9,LOW,0
BBT30,Shrink,Kısa,WELDON,12.9,45.2,320.6,LOW,0
BT40,Shrink,İnce,MORSE,215.9,640.9,250.7,MEDIUM,0
HSK63,Kollet,Uzun,ER,160.8,284.3,252.4,LOW,0
HSK63,Kollet,İnce,ER,52.6,205.9,173.8,LOW,0
BT40,Kollet,Kısa,WELDON,64.5,210.4,264.4,LOW,0
BBT40,Kollet,Uzun,DIN6499,162.4,264.9,240.1,LOW,0
HSK63,Kollet,Uzun,ER,182.5,359.8,319.6,LOW,0
BT40,Pens&Bilyalı,Uzun,MORSE,127.1,195.4,219.3,LOW,0
HSK100,Kollet,Kısa,WELDON,61.1,211.4,335.9,LOW,0
CAPTO,Shrink,İnce,ER,12.4,19.9,197.0,LOW,0
CAPTO,Pens&Bilyalı,Uzun,ER,155.9,542.4,250.9,LOW,0
BT40,Shrink,İnce,ER,147.3,396.7,224.7,LOW,0
HSK63,Shrink,Uzun,DIN6499,89.6,221.4,282.2,LOW,0
BT40,Shrink,Uzun,WELDON,183.2,486.4,382.9,LOW,0
BT40,Pens&Bilyalı,Uzun,MORSE,27.2,100.8,264.3,LOW,0
BBT40,Kollet,İnce,WELDON,74.4,232.1,174.9,LOW,0
BT40,Pens&Bilyalı,İnce,ER,15.4,52.6,209.5,LOW,0
HSK63,Shrink,Kısa,MORSE,225.7,743.8,293.1,MEDIUM,0
BBT40,Pens&Bilyalı,İnce,DIN6499,296.5,1065.0,276.4,HIGH,1
HSK63,Shrink,Uzun,WELDON,160.8,511.4,310.9,LOW,0
HSK63,Kollet,İnce,DIN6499,205.6,637.3,215.6,HIGH,1
CAPTO,Shrink,İnce,ER,71.3,142.9,228.4,LOW,0
CAPTO,Kollet,Kısa,WELDON,149.9,331.1,228.3,LOW,0
CAPTO,Kollet,İnce,ER,176.0,605.6,156.4,HIGH,1
HSK63,Kollet,Kısa,WELDON,175.6,564.5,281.7,LOW,0
HSK63,Shrink,İnce,DIN6499,41.9,119.9,256.9,LOW,0
BBT40,Shrink,Kısa,ER,199.2,614.4,489.7,LOW,0
BT40,Kollet,Kısa,DIN6499,212.1,762.8,257.9,MEDIUM,0
BT40,Pens&Bilyalı,Uzun,WELDON,179.1,448.7,251.5,MEDIUM,0
SK40,Pens&Bilyalı,Kısa,DIN6499,188.7,309.4,270.6,LOW,0
BT40,Kollet,İnce,DIN6499,47.0,177.1,191.3,LOW,0
HSK63,Kollet,Kısa,ER,76.0,123.7,272.0,LOW,0
BBT40,Kollet,İnce,WELDON,182.1,629.7,199.5,HIGH,1
HSK100,Pens&Bilyalı,Kısa,DIN6499,263.0,834.3,287.9,HIGH,1
HSK63,Pens&Bilyalı,İnce,ER,170.2,501.6,175.5,HIGH,1
HSK100,Pens&Bilyalı,İnce,ER,40.7,72.2,197.5,LOW,0
CAPTO,Pens&Bilyalı,İnce,DIN6499,149.2,318.4,180.8,MEDIUM,0
BBT40,Kollet,Kısa,WELDON,20.1,50.3,266.0,LOW,0
BBT40,Kollet,Kısa,WELDON,137.5,357.2,284.1,LOW,0
HSK63,Kollet,İnce,ER,105.7,215.9,227.5,LOW,0
BT40,Shrink,Uzun,DIN6499,121.8,321.2,239.0,LOW,0
BT40,Pens&Bilyalı,Uzun,DIN6499,239.4,902.0,247.1,HIGH,1
BBT40,Shrink,Kısa,DIN6499,165.6,542.9,397.2,LOW,0
HSK63,Kollet,Uzun,MORSE,106.4,355.3,204.8,LOW,0
CAPTO,Shrink,Kısa,DIN6499,146.8,242.5,241.7,LOW,0
BT40,Kollet,İnce,MORSE,51.6,181.1,188.7,LOW,0
BBT40,Shrink,Kısa,WELDON,303.7,983.9,329.5,HIGH,1
BBT40,Shrink,İnce,MORSE,258.6,971.6,280.8,HIGH,1
BBT40,Pens&Bilyalı,İnce,ER,162.3,436.3,242.6,LOW,0
HSK63,Shrink,Uzun,MORSE,240.5,831.7,371.0,LOW,0
HSK63,Pens&Bilyalı,İnce,MORSE,83.0,241.1,166.6,LOW,0
CAPTO,Shrink,Uzun,MORSE,32.7,94.0,300.7,LOW,0
BBT40,Kollet,İnce,ER,114.1,348.0,194.2,LOW,0
BBT40,Shrink,Uzun,WELDON,392.4,978.4,364.1,HIGH,1
HSK63,Pens&Bilyalı,Kısa,WELDON,86.5,228.4,342.0,LOW,0
BBT30,Shrink,Uzun,MORSE,249.3,709.2,253.5,HIGH,1
BBT50,Pens&Bilyalı,Kısa,ER,357.4,734.8,327.2,HIGH,1
HSK63,Pens&Bilyalı,İnce,MORSE,37.0,126.3,206.7,LOW,0
HSK63,Kollet,Uzun,MORSE,86.7,303.1,201.6,LOW,0
BT40,Shrink,Kısa,WELDON,302.7,610.7,362.1,MEDIUM,0
HSK63,Kollet,Uzun,MORSE,137.3,247.2,241.9,LOW,0
HSK100,Shrink,İnce,MORSE,109.0,427.1,288.8,LOW,0
HSK63,Kollet,İnce,WELDON,160.3,269.1,171.5,HIGH,1
HSK63,Shrink,İnce,ER,96.9,259.9,253.8,LOW,0
HSK63,Kollet,İnce,MORSE,158.7,461.6,222.3,MEDIUM,0
BBT30,Kollet,Kısa,ER,96.8,236.2,197.4,LOW,0
BBT40,Kollet,Uzun,ER,91.6,366.2,274.6,LOW,0
HSK100,Pens&Bilyalı,Kısa,ER,122.2,308.4,301.3,LOW,0
CAPTO,Kollet,İnce,MORSE,158.3,466.5,173.4,HIGH,1
HSK100,Shrink,İnce,DIN6499,217.1,707.3,346.5,LOW,0
HSK100,Kollet,Kısa,DIN6499,254.7,609.6,309.6,MEDIUM,0
BBT50,Shrink,İnce,ER,243.4,885.2,234.2,HIGH,1
CAPTO,Kollet,İnce,ER,214.4,692.6,219.2,HIGH,1
BBT50,Shrink,Kısa,MORSE,454.4,1763.5,451.0,HIGH,1
BBT50,Pens&Bilyalı,Kısa,WELDON,314.7,1235.4,292.4,HIGH,1
HSK100,Kollet,Kısa,DIN6499,62.2,207.9,304.0,LOW,0
HSK63,Pens&Bilyalı,Uzun,DIN6499,89.0,326.1,296.8,LOW,0
BBT40,Shrink,Uzun,ER,131.2,325.2,368.7,LOW,0
BT40,Shrink,İnce,DIN6499,209.7,590.1,234.3,MEDIUM,0
BT40,Kollet,Uzun,DIN6499,176.9,307.1,210.8,MEDIUM,0
BT40,Pens&Bilyalı,İnce,DIN6499,213.1,333.4,191.7,HIGH,1
HSK63,Kollet,Kısa,DIN6499,14.7,27.1,326.5,LOW,0
HSK63,Pens&Bilyalı,Kısa,ER,100.9,338.6,339.0,LOW,0
HSK63,Kollet,İnce,MORSE,142.1,388.0,200.4,MEDIUM,0
HSK63,Pens&Bilyalı,Uzun,ER,211.0,402.2,308.8,LOW,0
BT40,Pens&Bilyalı,İnce,DIN6499,124.1,312.5,180.6,LOW,0
HSK63,Shrink,Uzun,WELDON,41.1,80.7,276.8,LOW,0
HSK63,Shrink,İnce,ER,215.0,648.1,219.9,HIGH,1
HSK63,Pens&Bilyalı,İnce,DIN6499,117.3,188.1,220.6,LOW,0
HSK63,Kollet,İnce,MORSE,64.9,156.2,138.0,LOW,0
HSK63,Pens&Bilyalı,İnce,MORSE,53.3,148.0,193.3,LOW,0
HSK63,Pens&Bilyalı,Uzun,MORSE,120.3,382.3,215.6,LOW,0
HSK63,Shrink,Kısa,MORSE,189.9,526.7,401.9,LOW,0
HSK63,Pens&Bilyalı,İnce,DIN6499,154.4,560.4,216.3,MEDIUM,0
BT40,Kollet,İnce,WELDON,25.0,50.8,231.9,LOW,0
HSK63,Kollet,Kısa,MORSE,68.7,263.0,266.6,LOW,0
HSK63,Pens&Bilyalı,Uzun,ER,165.0,593.2,231.5,MEDIUM,0
BT40,Pens&Bilyalı,Uzun,DIN6499,276.1,932.5,299.2,HIGH,1
BBT40,Pens&Bilyalı,İnce,MORSE,225.0,886.8,246.4,HIGH,1
BT40,Kollet,Uzun,WELDON,238.3,391.7,211.9,HIGH,1
BBT40,Kollet,İnce,DIN6499,188.7,590.1,176.7,HIGH,1
BT40,Kollet,Uzun,WELDON,245.2,678.3,223.8,HIGH,1
SK40,Pens&Bilyalı,Kısa,MORSE,150.0,483.1,224.9,LOW,0
BT40,Kollet,İnce,DIN6499,12.0,36.6,167.0,LOW,0
HSK100,Pens&Bilyalı,Kısa,ER,40.4,151.9,356.4,LOW,0
BBT40,Shrink,Uzun,WELDON,121.9,246.8,372.5,LOW,0
HSK100,Shrink,Kısa,MORSE,229.7,417.2,488.8,LOW,0
BBT50,Shrink,İnce,WELDON,263.8,1008.4,265.7,HIGH,1
BT40,Pens&Bilyalı,Kısa,ER,260.1,754.4,287.8,HIGH,1
BBT30,Kollet,Uzun,WELDON,300.8,954.5,270.8,HIGH,1
BBT30,Pens&Bilyalı,Uzun,DIN6499,17.2,28.7,211.1,LOW,0
BT40,Kollet,İnce,ER,172.7,549.2,182.1,HIGH,1
HSK63,Kollet,Uzun,MORSE,204.4,688.7,225.5,HIGH,1
CAPTO,Shrink,Kısa,MORSE,216.7,803.6,340.3,LOW,0
BT40,Shrink,Uzun,MORSE,96.3,370.9,295.4,LOW,0
BT40,Pens&Bilyalı,Uzun,WELDON,36.0,74.3,267.5,LOW,0
BBT50,Kollet,Uzun,MORSE,181.3,409.2,282.7,LOW,0
BT40,Kollet,Uzun,ER,181.8,420.4,246.5,MEDIUM,0
BT40,Shrink,Kısa,MORSE,75.4,196.8,352.4,LOW,0
HSK63,Shrink,Uzun,DIN6499,201.8,714.4,293.4,LOW,0
HSK63,Shrink,İnce,ER,66.0,122.3,291.1,LOW,0
HSK63,Shrink,İnce,ER,112.5,189.4,291.8,LOW,0
BT40,Pens&Bilyalı,Kısa,WELDON,66.8,102.2,273.9,LOW,0
BBT50,Pens&Bilyalı,Kısa,ER,43.7,134.2,261.1,LOW,0
SK40,Pens&Bilyalı,Uzun,ER,237.3,772.0,213.7,HIGH,1
HSK100,Shrink,Uzun,MORSE,216.3,364.6,356.5,LOW,0
HSK63,Pens&Bilyalı,İnce,WELDON,0.7,1.5,185.1,LOW,0
HSK63,Shrink,İnce,DIN6499,210.0,639.2,229.5,HIGH,1
CAPTO,Kollet,Kısa,MORSE,334.1,845.1,344.7,HIGH,1
SK40,Shrink,Uzun,ER,168.3,311.2,270.4,LOW,0
HSK63,Shrink,Uzun,DIN6499,399.2,975.8,363.2,HIGH,1
BT40,Shrink,Kısa,DIN6499,372.7,807.4,334.3,HIGH,1
HSK63,Pens&Bilyalı,İnce,WELDON,91.2,234.6,239.5,LOW,0
BBT40,Shrink,Kısa,MORSE,98.4,366.6,340.7,LOW,0
HSK100,Kollet,Kısa,ER,7.4,24.0,301.6,LOW,0
HSK63,Kollet,İnce,ER,19.5,67.5,144.7,LOW,0
BBT40,Shrink,İnce,WELDON,211.1,805.7,257.7,MEDIUM,0
HSK63,Shrink,Uzun,MORSE,431.3,1004.3,400.4,HIGH,1
HSK100,Kollet,Uzun,ER,276.9,510.3,247.1,HIGH,1
BT40,Pens&Bilyalı,Kısa,WELDON,233.4,441.8,299.5,MEDIUM,0
BBT40,Pens&Bilyalı,Uzun,ER,143.8,393.3,294.9,LOW,0
HSK100,Pens&Bilyalı,Kısa,WELDON,324.9,1229.1,366.0,MEDIUM,0
BBT50,Pens&Bilyalı,İnce,DIN6499,91.5,273.0,243.7,LOW,0
HSK63,Kollet,Kısa,ER,350.0,1046.3,314.2,HIGH,1
BT40,Shrink,Uzun,DIN6499,220.8,389.1,269.8,MEDIUM,0
BBT50,Shrink,İnce,MORSE,66.0,132.7,295.5,LOW,0
BT40,Pens&Bilyalı,Kısa,WELDON,111.5,198.4,278.3,LOW,0
BBT40,Shrink,Uzun,DIN6499,110.9,178.8,360.6,LOW,0
BT40,Kollet,İnce,DIN6499,142.8,282.2,156.0,HIGH,1
HSK63,Shrink,Kısa,MORSE,332.7,1031.0,402.6,MEDIUM,0
BBT50,Pens&Bilyalı,Uzun,DIN6499,243.7,394.3,248.5,HIGH,1
HSK63,Kollet,İnce,ER,20.3,56.9,172.5,LOW,0
BBT50,Shrink,Kısa,DIN6499,16.7,40.5,408.6,LOW,0
HSK63,Shrink,Uzun,DIN6499,230.6,557.0,365.5,LOW,0
BBT40,Shrink,Uzun,DIN6499,174.7,471.8,319.5,LOW,0
CAPTO,Kollet,Kısa,ER,147.3,408.6,219.3,LOW,0
BT40,Shrink,Kısa,MORSE,315.6,1035.0,371.7,MEDIUM,0
HSK100,Pens&Bilyalı,Kısa,DIN6499,67.5,234.3,305.9,LOW,0
BBT50,Shrink,Kısa,MORSE,98.7,329.5,462.5,LOW,0
HSK63,Pens&Bilyalı,Uzun,WELDON,278.8,422.3,263.1,HIGH,1
BBT40,Kollet,İnce,MORSE,73.8,182.7,172.4,LOW,0
HSK63,Shrink,İnce,DIN6499,36.2,134.0,246.1,LOW,0
BBT40,Pens&Bilyalı,Kısa,MORSE,181.0,519.1,300.8,LOW,0
HSK63,Shrink,Kısa,DIN6499,174.0,467.3,448.0,LOW,0
HSK63,Pens&Bilyalı,Kısa,ER,279.2,848.5,314.1,MEDIUM,0
BT40,Kollet,Kısa,MORSE,202.5,803.9,228.6,MEDIUM,0
BBT40,Shrink,Kısa,MORSE,348.8,1296.2,305.1,HIGH,1
BBT30,Shrink,Uzun,WELDON,203.8,767.1,263.7,MEDIUM,0
SK40,Kollet,İnce,WELDON,54.9,113.7,152.4,LOW,0
BBT40,Shrink,Uzun,WELDON,229.4,711.0,295.2,MEDIUM,0
HSK63,Pens&Bilyalı,Kısa,MORSE,54.5,111.3,313.7,LOW,0
BBT40,Pens&Bilyalı,İnce,MORSE,124.0,272.0,191.2,LOW,0
HSK63,Pens&Bilyalı,Kısa,MORSE,383.4,1414.6,350.5,HIGH,1
SK40,Pens&Bilyalı,İnce,WELDON,54.7,119.7,144.6,LOW,0
BBT50,Shrink,Kısa,MORSE,246.1,708.6,382.9,LOW,0
BT40,Kollet,Kısa,WELDON,100.8,251.5,258.4,LOW,0
HSK63,Shrink,Uzun,DIN6499,203.1,636.1,276.7,MEDIUM,0
BT40,Pens&Bilyalı,Uzun,WELDON,74.7,226.6,261.4,LOW,0
HSK100,Shrink,İnce,MORSE,318.3,834.8,303.1,HIGH,1
BT40,Kollet,İnce,DIN6499,142.3,474.4,158.8,MEDIUM,0
SK40,Pens&Bilyalı,Uzun,DIN6499,199.0,316.6,222.6,MEDIUM,0
BBT30,Kollet,Uzun,ER,58.9,195.7,174.3,LOW,0
BT40,Pens&Bilyalı,İnce,DIN6499,87.5,323.0,194.9,LOW,0
HSK63,Shrink,Uzun,MORSE,70.7,184.5,313.5,LOW,0
HSK63,Pens&Bilyalı,Kısa,ER,81.1,236.5,254.0,LOW,0
HSK63,Shrink,İnce,MORSE,49.4,87.8,239.6,LOW,0
HSK100,Shrink,Kısa,MORSE,168.4,494.7,396.6,LOW,0
HSK100,Pens&Bilyalı,İnce,DIN6499,169.6,269.7,201.8,MEDIUM,0
BBT50,Pens&Bilyalı,Kısa,MORSE,178.4,579.5,311.4,LOW,0
SK40,Kollet,İnce,ER,68.0,236.9,122.8,LOW,0
BBT30,Kollet,Kısa,DIN6499,44.4,145.1,181.0,LOW,0
BBT50,Kollet,Kısa,DIN6499,218.6,706.1,256.5,MEDIUM,0
BT40,Kollet,Kısa,DIN6499,73.2,216.6,211.0,LOW,0
HSK63,Shrink,Uzun,WELDON,158.2,533.3,316.1,LOW,0
BT40,Kollet,Kısa,WELDON,92.6,233.2,289.0,LOW,0
HSK63,Kollet,İnce,WELDON,113.5,434.0,156.8,MEDIUM,0
BT40,Kollet,İnce,WELDON,42.4,141.2,156.2,LOW,0
BT40,Shrink,Kısa,ER,70.9,246.1,308.9,LOW,0
BT40,Shrink,Uzun,DIN6499,156.3,364.3,329.9,LOW,0
HSK63,Shrink,Kısa,ER,412.6,1020.7,474.9,MEDIUM,0
HSK63,Shrink,İnce,WELDON,227.2,437.7,260.9,MEDIUM,0
BBT40,Kollet,Uzun,WELDON,225.8,748.3,278.8,MEDIUM,0
BT40,Shrink,İnce,MORSE,25.4,57.3,229.2,LOW,0
CAPTO,Kollet,Kısa,WELDON,182.1,296.4,182.8,HIGH,1
HSK100,Shrink,Uzun,DIN6499,304.1,922.1,363.7,MEDIUM,0
BBT30,Pens&Bilyalı,Kısa,MORSE,174.8,440.6,232.8,MEDIUM,0
BT40,Pens&Bilyalı,Uzun,MORSE,248.3,560.3,250.5,HIGH,1
CAPTO,Kollet,Uzun,MORSE,107.3,220.1,248.7,LOW,0
BT40,Shrink,İnce,WELDON,151.4,435.1,194.9,MEDIUM,0
BBT40,Kollet,Kısa,WELDON,319.0,612.6,323.0,HIGH,1
BBT30,Shrink,Kısa,MORSE,173.2,598.4,324.2,LOW,0
BBT40,Shrink,Uzun,ER,0.2,0.6,367.0,LOW,0
HSK63,Pens&Bilyalı,Kısa,ER,304.5,810.8,353.2,MEDIUM,0
BBT50,Pens&Bilyalı,Kısa,WELDON,75.0,115.0,313.6,LOW,0
BBT50,Pens&Bilyalı,Uzun,MORSE,169.3,446.4,316.0,LOW,0
HSK100,Kollet,Uzun,MORSE,45.1,83.1,291.7,LOW,0
HSK63,Shrink,Uzun,MORSE,8.2,29.5,349.0,LOW,0
BBT40,Pens&Bilyalı,İnce,MORSE,244.7,904.0,246.7,HIGH,1
HSK63,Kollet,Kısa,ER,223.4,367.3,260.6,MEDIUM,0
BT40,Kollet,Uzun,WELDON,188.1,681.5,281.7,LOW,0
BBT50,Kollet,Kısa,ER,224.3,427.5,251.3,MEDIUM,0
HSK63,Shrink,Uzun,DIN6499,307.1,920.9,349.3,MEDIUM,0
SK40,Kollet,Uzun,MORSE,58.4,127.1,197.5,LOW,0
BBT50,Shrink,Kısa,MORSE,142.6,335.0,465.7,LOW,0
BBT40,Kollet,Uzun,ER,230.1,902.5,220.2,HIGH,1
BT40,Kollet,İnce,WELDON,161.2,529.3,141.2,HIGH,1
BT40,Kollet,İnce,ER,106.1,235.7,209.3,LOW,0
HSK63,Shrink,Uzun,DIN6499,58.0,117.5,300.7,LOW,0
BBT30,Kollet,İnce,WELDON,16.6,54.4,121.9,LOW,0
BT40,Shrink,Kısa,WELDON,186.7,607.6,333.9,LOW,0
BT40,Kollet,İnce,MORSE,60.3,130.7,163.8,LOW,0
BBT50,Kollet,Uzun,MORSE,65.6,203.8,288.7,LOW,0
HSK63,Pens&Bilyalı,İnce,WELDON,193.3,588.2,205.5,HIGH,1
HSK63,Kollet,Kısa,ER,156.0,235.9,197.7,MEDIUM,0
HSK63,Pens&Bilyalı,İnce,WELDON,156.2,428.9,241.8,LOW,0
BBT30,Pens&Bilyalı,Kısa,DIN6499,34.0,52.1,223.6,LOW,0
HSK63,Shrink,Uzun,MORSE,106.9,294.4,287.3,LOW,0
BT40,Kollet,İnce,ER,101.8,217.9,133.6,MEDIUM,0
BBT30,Pens&Bilyalı,Kısa,MORSE,82.5,206.9,247.0,LOW,0
BBT30,Kollet,Kısa,WELDON,13.8,44.2,202.9,LOW,0
BBT40,Pens&Bilyalı,Kısa,ER,134.3,414.8,346.2,LOW,0
BT40,Shrink,Uzun,ER,90.3,210.1,276.9,LOW,0
BT40,Pens&Bilyalı,Uzun,DIN6499,36.4,99.2,260.5,LOW,0
BBT30,Shrink,Kısa,MORSE,105.7,420.6,282.4,LOW,0
HSK63,Kollet,Uzun,MORSE,1.4,4.3,253.0,LOW,0
BBT40,Pens&Bilyalı,İnce,DIN6499,232.6,409.0,211.2,HIGH,1
BBT40,Kollet,İnce,ER,52.9,183.2,192.3,LOW,0
BBT30,Pens&Bilyalı,İnce,DIN6499,42.3,74.4,169.1,LOW,0
BT40,Pens&Bilyalı,İnce,DIN6499,136.8,333.2,167.4,MEDIUM,0
CAPTO,Shrink,Kısa,MORSE,20.3,58.4,335.0,LOW,0
HSK63,Shrink,İnce,ER,29.6,60.9,268.3,LOW,0
CAPTO,Kollet,İnce,WELDON,45.1,144.7,174.9,LOW,0
BT40,Shrink,İnce,MORSE,228.2,462.9,217.6,HIGH,1
HSK63,Shrink,Kısa,ER,158.6,418.1,330.4,LOW,0
BBT40,Shrink,Kısa,WELDON,69.9,153.8,315.7,LOW,0
BT40,Shrink,Uzun,WELDON,146.9,556.5,323.7,LOW,0
HSK63,Shrink,Kısa,MORSE,65.7,258.8,309.4,LOW,0
BT40,Pens&Bilyalı,Kısa,DIN6499,248.3,509.5,368.8,LOW,0
HSK63,Shrink,Uzun,ER,364.8,975.4,333.6,HIGH,1
BBT40,Shrink,Uzun,WELDON,38.5,84.6,347.7,LOW,0
HSK63,Shrink,Uzun,WELDON,295.6,479.8,392.8,MEDIUM,0
BBT50,Shrink,Kısa,WELDON,228.5,493.5,343.2,LOW,0
BBT40,Shrink,Uzun,WELDON,75.9,210.7,449.9,LOW,0
BT40,Pens&Bilyalı,İnce,ER,11.5,30.2,232.8,LOW,0
BBT40,Pens&Bilyalı,İnce,MORSE,204.6,468.7,202.8,HIGH,1
BBT30,Kollet,Uzun,DIN6499,177.3,435.4,198.7,MEDIUM,0
HSK63,Pens&Bilyalı,İnce,MORSE,41.3,114.0,172.5,LOW,0
BBT30,Pens&Bilyalı,İnce,WELDON,95.7,154.9,182.1,LOW,0
HSK63,Kollet,Kısa,ER,130.7,435.4,247.5,LOW,0
BBT50,Kollet,İnce,MORSE,219.3,528.2,191.1,HIGH,1
BT40,Pens&Bilyalı,Uzun,WELDON,143.6,520.3,262.3,LOW,0
BBT50,Pens&Bilyalı,İnce,MORSE,2.8,7.9,266.5,LOW,0
BBT30,Pens&Bilyalı,Uzun,ER,22.7,61.7,170.5,LOW,0
BBT50,Pens&Bilyalı,Uzun,WELDON,289.2,796.7,263.9,HIGH,1
BBT40,Shrink,Kısa,WELDON,273.5,972.7,389.6,MEDIUM,0
HSK63,Pens&Bilyalı,Kısa,DIN6499,246.2,471.3,281.7,MEDIUM,0
BBT40,Pens&Bilyalı,Uzun,WELDON,94.8,374.2,315.1,LOW,0
BBT40,Kollet,İnce,MORSE,1.7,3.1,164.6,LOW,0
HSK100,Pens&Bilyalı,Uzun,MORSE,125.5,306.6,259.8,LOW,0
HSK63,Kollet,Uzun,MORSE,183.1,543.0,247.3,MEDIUM,0
CAPTO,Shrink,Uzun,ER,253.8,554.5,266.8,HIGH,1
BBT40,Shrink,Uzun,ER,193.5,335.2,413.5,LOW,0
HSK63,Shrink,İnce,WELDON,115.0,372.1,214.0,LOW,0
BT40,Pens&Bilyalı,Kısa,MORSE,115.2,196.4,280.8,LOW,0
HSK100,Pens&Bilyalı,İnce,DIN6499,251.8,891.9,252.0,HIGH,1
CAPTO,Shrink,İnce,MORSE,198.5,471.0,239.9,MEDIUM,0
BBT40,Shrink,İnce,MORSE,161.8,475.7,264.5,LOW,0
BBT40,Kollet,Uzun,DIN6499,360.4,1250.0,332.2,HIGH,1
SK40,Kollet,Kısa,DIN6499,143.5,494.8,235.5,LOW,0
BBT30,Pens&Bilyalı,Uzun,MORSE,33.8,112.0,190.0,LOW,0
HSK63,Shrink,İnce,ER,255.6,917.2,223.6,HIGH,1
HSK100,Shrink,Uzun,WELDON,295.2,453.4,328.4,MEDIUM,0
BBT50,Pens&Bilyalı,İnce,DIN6499,174.0,631.8,233.1,MEDIUM,0
BBT50,Pens&Bilyalı,Kısa,ER,221.5,574.9,260.9,MEDIUM,0
HSK63,Shrink,İnce,MORSE,88.0,288.8,273.7,LOW,0
HSK100,Shrink,Uzun,MORSE,478.4,1436.1,433.6,HIGH,1
BBT40,Kollet,İnce,DIN6499,2.3,8.8,169.0,LOW,0
BT40,Pens&Bilyalı,Kısa,DIN6499,246.9,985.4,313.0,MEDIUM,0
BBT40,Pens&Bilyalı,İnce,WELDON,89.3,319.9,237.1,LOW,0
BT40,Pens&Bilyalı,İnce,ER,61.4,123.3,216.9,LOW,0
CAPTO,Pens&Bilyalı,Uzun,DIN6499,95.6,168.4,222.5,LOW,0
BBT40,Pens&Bilyalı,İnce,WELDON,250.0,594.9,273.2,HIGH,1
BBT50,Kollet,Uzun,ER,193.3,368.1,252.3,MEDIUM,0
BBT30,Shrink,Uzun,ER,248.3,712.0,252.5,HIGH,1
CAPTO,Pens&Bilyalı,Uzun,DIN6499,112.8,330.8,237.5,LOW,0
BT40,Kollet,Uzun,WELDON,288.9,1080.8,257.6,HIGH,1
BBT50,Pens&Bilyalı,Uzun,WELDON,148.5,291.9,339.4,LOW,0
BBT30,Pens&Bilyalı,Kısa,MORSE,87.3,311.5,216.8,LOW,0
BT40,Kollet,Uzun,MORSE,283.8,1033.7,281.6,HIGH,1
HSK63,Shrink,İnce,WELDON,76.3,220.8,239.8,LOW,0
HSK100,Shrink,Kısa,DIN6499,439.0,772.0,404.2,HIGH,1
HSK63,Shrink,İnce,ER,158.0,508.9,225.4,MEDIUM,0
BT40,Pens&Bilyalı,Kısa,ER,116.4,383.6,316.0,LOW,0
HSK63,Kollet,Uzun,MORSE,248.1,934.2,267.9,HIGH,1
BBT30,Kollet,Uzun,WELDON,15.9,62.8,193.0,LOW,0
HSK63,Shrink,İnce,MORSE,140.1,380.5,278.5,LOW,0
SK40,Kollet,Uzun,DIN6499,242.6,959.9,211.1,HIGH,1
HSK63,Kollet,Uzun,ER,40.3,120.9,270.0,LOW,0
BT40,Kollet,İnce,DIN6499,27.3,63.1,179.0,LOW,0
HSK63,Shrink,Kısa,MORSE,13.0,31.1,413.5,LOW,0
BBT30,Kollet,Uzun,MORSE,41.7,130.5,190.3,LOW,0
BBT40,Shrink,Kısa,MORSE,224.6,826.6,405.3,LOW,0
HSK63,Pens&Bilyalı,İnce,MORSE,67.0,213.4,200.5,LOW,0
BT40,Shrink,Uzun,MORSE,217.9,608.6,342.9,LOW,0
BT40,Shrink,Kısa,WELDON,56.9,220.3,327.7,LOW,0
BT40,Pens&Bilyalı,İnce,ER,78.4,203.9,219.6,LOW,0
BT40,Pens&Bilyalı,İnce,WELDON,136.9,514.0,185.9,MEDIUM,0
BT40,Shrink,Uzun,MORSE,85.3,130.3,335.1,LOW,0
HSK63,Shrink,Kısa,WELDON,321.2,1160.2,422.3,MEDIUM,0
BT40,Pens&Bilyalı,İnce,ER,168.7,352.1,206.7,MEDIUM,0
BBT50,Kollet,İnce,ER,31.3,84.3,222.6,LOW,0
BBT40,Kollet,Kısa,WELDON,143.9,296.2,244.3,LOW,0
HSK63,Kollet,Kısa,WELDON,343.2,1066.2,313.8,HIGH,1
HSK63,Pens&Bilyalı,Uzun,WELDON,217.0,504.3,307.6,MEDIUM,0
HSK63,Kollet,İnce,WELDON,113.6,236.9,199.7,LOW,0
BT40,Shrink,Kısa,MORSE,83.1,211.6,360.6,LOW,0
HSK63,Shrink,İnce,WELDON,222.1,565.8,249.3,MEDIUM,0
BBT50,Pens&Bilyalı,İnce,MORSE,111.7,362.6,236.0,LOW,0
BBT50,Pens&Bilyalı,İnce,WELDON,67.4,221.6,205.6,LOW,0
SK40,Pens&Bilyalı,İnce,MORSE,197.8,699.9,205.2,HIGH,1
BBT40,Shrink,Uzun,DIN6499,209.6,472.1,302.8,LOW,0
BBT30,Kollet,Kısa,DIN6499,214.2,510.4,199.1,HIGH,1
HSK63,Kollet,İnce,WELDON,142.6,240.3,160.3,MEDIUM,0
BT40,Shrink,İnce,MORSE,175.7,655.2,191.6,HIGH,1
HSK63,Pens&Bilyalı,Uzun,MORSE,187.6,731.7,298.1,LOW,0
BT40,Pens&Bilyalı,Uzun,DIN6499,187.2,641.7,238.6,MEDIUM,0
BBT30,Shrink,Uzun,MORSE,172.6,495.0,246.1,MEDIUM,0
BBT30,Pens&Bilyalı,İnce,ER,41.1,104.0,187.7,LOW,0
HSK100,Pens&Bilyalı,Uzun,MORSE,249.0,739.1,308.7,MEDIUM,0
BBT40,Shrink,İnce,DIN6499,158.0,607.6,232.8,LOW,0
HSK63,Pens&Bilyalı,Kısa,WELDON,353.3,829.4,317.2,HIGH,1
BBT50,Shrink,Uzun,MORSE,349.3,566.9,333.8,HIGH,1
HSK63,Pens&Bilyalı,Kısa,ER,42.1,136.2,264.0,LOW,0
CAPTO,Shrink,İnce,DIN6499,314.0,638.7,273.0,HIGH,1
BT40,Pens&Bilyalı,Kısa,DIN6499,23.3,41.5,239.7,LOW,0
BBT40,Pens&Bilyalı,Kısa,ER,171.0,530.5,273.2,LOW,0
HSK63,Kollet,İnce,MORSE,118.8,316.7,183.6,LOW,0
BBT50,Shrink,Kısa,WELDON,207.2,379.6,366.9,LOW,0
HSK63,Kollet,Kısa,DIN6499,105.4,376.3,243.7,LOW,0
BBT50,Pens&Bilyalı,Kısa,DIN6499,356.0,739.6,310.3,HIGH,1
HSK63,Pens&Bilyalı,Uzun,ER,14.2,48.3,284.1,LOW,0
BT40,Pens&Bilyalı,Uzun,WELDON,48.9,123.0,283.3,LOW,0
HSK100,Shrink,Kısa,MORSE,168.2,327.6,349.5,LOW,0
HSK63,Shrink,Uzun,ER,332.3,1241.5,350.9,HIGH,1
BT40,Pens&Bilyalı,Kısa,ER,176.4,284.8,311.6,LOW,0
HSK100,Pens&Bilyalı,Uzun,DIN6499,65.4,133.3,296.2,LOW,0
BT40,Shrink,İnce,DIN6499,197.6,343.7,249.2,MEDIUM,0
HSK63,Pens&Bilyalı,Kısa,WELDON,80.6,237.1,221.9,LOW,0
BBT40,Kollet,İnce,DIN6499,81.7,147.0,207.1,LOW,0
BT40,Kollet,Kısa,ER,43.4,149.3,360.3,LOW,0
HSK63,Pens&Bilyalı,Uzun,MORSE,83.8,271.4,246.8,LOW,0
BBT50,Pens&Bilyalı,İnce,MORSE,205.2,325.1,206.7,HIGH,1
BT40,Shrink,Uzun,DIN6499,58.9,127.4,276.7,LOW,0
BBT40,Pens&Bilyalı,Uzun,WELDON,246.1,634.0,250.6,HIGH,1
HSK63,Pens&Bilyalı,Kısa,MORSE,312.7,1146.5,345.3,HIGH,1
BT40,Shrink,Kısa,WELDON,113.9,345.3,371.8,LOW,0
CAPTO,Shrink,Uzun,ER,298.9,1043.5,321.4,HIGH,1
HSK63,Shrink,İnce,MORSE,282.5,813.9,261.1,HIGH,1
BBT40,Pens&Bilyalı,Uzun,DIN6499,365.5,1336.2,345.7,HIGH,1
HSK63,Kollet,Uzun,MORSE,190.2,556.2,265.5,MEDIUM,0
CAPTO,Kollet,İnce,ER,23.5,83.3,149.7,LOW,0
HSK63,Kollet,Uzun,ER,281.4,449.6,245.9,HIGH,1
BT40,Kollet,Uzun,ER,237.4,753.1,321.9,MEDIUM,0
BT40,Shrink,Kısa,MORSE,330.7,1026.7,351.3,HIGH,1
HSK63,Shrink,Uzun,DIN6499,99.1,193.1,292.7,LOW,0
BT40,Shrink,Uzun,MORSE,267.7,1045.8,419.2,LOW,0
BBT30,Kollet,İnce,ER,16.0,47.5,130.7,LOW,0
BT40,Shrink,Uzun,DIN6499,27.9,97.3,280.3,LOW,0
HSK63,Pens&Bilyalı,Kısa,ER,183.2,352.9,318.4,LOW,0
BT40,Pens&Bilyalı,Kısa,WELDON,19.4,41.6,301.5,LOW,0
CAPTO,Kollet,Kısa,WELDON,111.0,259.6,265.6,LOW,0
BT40,Kollet,Kısa,MORSE,146.7,232.0,230.4,LOW,0
HSK63,Kollet,Kısa,WELDON,226.9,555.4,236.4,HIGH,1
HSK63,Shrink,Uzun,DIN6499,223.2,433.3,345.3,LOW,0
BBT30,Pens&Bilyalı,Uzun,MORSE,143.5,533.5,236.3,LOW,0
BBT50,Kollet,İnce,MORSE,204.1,685.1,191.8,HIGH,1
BBT50,Pens&Bilyalı,Kısa,MORSE,247.4,913.3,275.0,MEDIUM,0
BBT50,Shrink,Kısa,ER,91.7,218.2,389.2,LOW,0
CAPTO,Pens&Bilyalı,İnce,DIN6499,83.8,287.8,190.5,LOW,0
BBT40,Pens&Bilyalı,Uzun,WELDON,133.2,491.8,266.4,LOW,0
BT40,Kollet,Kısa,WELDON,65.7,144.3,243.3,LOW,0
BBT50,Pens&Bilyalı,İnce,ER,196.3,388.5,239.9,MEDIUM,0
HSK100,Kollet,İnce,ER,11.4,38.2,185.3,LOW,0
HSK63,Shrink,Kısa,WELDON,158.8,459.3,365.4,LOW,0
BBT40,Shrink,Uzun,DIN6499,239.2,572.4,414.6,LOW,0
CAPTO,Shrink,İnce,DIN6499,99.7,176.8,251.3,LOW,0
HSK63,Pens&Bilyalı,Kısa,MORSE,274.1,534.8,275.5,HIGH,1
HSK63,Pens&Bilyalı,Kısa,DIN6499,52.1,174.9,289.0,LOW,0
BT40,Pens&Bilyalı,Kısa,DIN6499,172.9,671.8,261.1,LOW,0
CAPTO,Shrink,İnce,MORSE,81.7,182.7,230.4,LOW,0
SK40,Pens&Bilyalı,Uzun,DIN6499,233.8,623.0,241.2,HIGH,1
BBT30,Shrink,Kısa,DIN6499,150.8,329.4,259.1,LOW,0
HSK63,Kollet,İnce,MORSE,203.8,385.9,216.2,HIGH,1
HSK63,Kollet,Uzun,ER,74.8,221.9,246.8,LOW,0
BT40,Shrink,Kısa,WELDON,466.1,1227.8,416.0,HIGH,1
SK40,Pens&Bilyalı,İnce,WELDON,173.3,583.7,178.2,HIGH,1
BT40,Pens&Bilyalı,Kısa,ER,2.7,6.9,311.3,LOW,0
BBT40,Kollet,İnce,MORSE,79.9,266.4,157.9,LOW,0
BBT50,Shrink,Kısa,DIN6499,307.3,884.8,387.1,MEDIUM,0
HSK63,Pens&Bilyalı,Kısa,ER,246.0,952.8,331.2,MEDIUM,0
BT40,Pens&Bilyalı,Kısa,DIN6499,274.8,578.9,282.3,HIGH,1
BT40,Shrink,Uzun,MORSE,324.1,929.3,319.3,HIGH,1
HSK63,Shrink,İnce,WELDON,155.3,458.5,178.9,MEDIUM,0
HSK100,Pens&Bilyalı,İnce,ER,2.6,6.7,218.8,LOW,0
BT40,Kollet,İnce,WELDON,147.5,531.8,188.7,MEDIUM,0
HSK63,Pens&Bilyalı,İnce,DIN6499,224.1,351.5,230.8,HIGH,1
CAPTO,Kollet,Kısa,DIN6499,269.0,659.4,242.1,HIGH,1
BBT40,Pens&Bilyalı,İnce,WELDON,72.8,173.6,180.6,LOW,0
HSK63,Shrink,Kısa,DIN6499,189.5,456.0,272.9,LOW,0
HSK63,Kollet,Uzun,MORSE,101.9,299.3,216.6,LOW,0
BT40,Kollet,Uzun,DIN6499,42.6,145.7,200.2,LOW,0
HSK100,Pens&Bilyalı,Uzun,DIN6499,46.7,89.6,399.8,LOW,0
HSK63,Pens&Bilyalı,Kısa,ER,91.6,289.1,286.3,LOW,0
BT40,Shrink,İnce,WELDON,114.0,329.9,180.0,LOW,0
BT40,Kollet,İnce,DIN6499,142.7,220.9,135.0,HIGH,1
BBT40,Pens&Bilyalı,Kısa,DIN6499,51.0,146.8,344.4,LOW,0
BT40,Pens&Bilyalı,İnce,DIN6499,157.3,323.0,185.2,MEDIUM,0
BBT50,Pens&Bilyalı,İnce,ER,157.6,238.0,248.4,LOW,0
HSK63,Pens&Bilyalı,Uzun,ER,105.0,360.0,273.3,LOW,0
BBT50,Shrink,Uzun,DIN6499,241.1,628.5,304.5,MEDIUM,0
HSK63,Kollet,Uzun,ER,304.3,522.9,302.1,HIGH,1
BT40,Shrink,İnce,DIN6499,120.0,409.6,237.2,LOW,0
HSK63,Kollet,Uzun,ER,4.9,14.1,254.1,LOW,0
BT40,Kollet,Kısa,ER,21.5,67.2,302.8,LOW,0
BBT30,Kollet,İnce,MORSE,82.9,156.4,145.5,LOW,0
BBT40,Shrink,Uzun,ER,86.3,135.3,352.4,LOW,0
BT40,Pens&Bilyalı,İnce,DIN6499,155.8,515.6,178.0,MEDIUM,0
HSK63,Pens&Bilyalı,İnce,WELDON,100.5,213.3,262.5,LOW,0
HSK63,Pens&Bilyalı,İnce,DIN6499,78.8,303.7,211.7,LOW,0
BBT40,Shrink,Kısa,ER,418.5,772.3,390.0,HIGH,1
BBT50,Shrink,İnce,WELDON,262.2,695.4,305.7,MEDIUM,0
HSK63,Pens&Bilyalı,Kısa,ER,106.6,334.3,296.2,LOW,0
HSK63,Pens&Bilyalı,Uzun,DIN6499,236.1,421.4,255.4,HIGH,1
CAPTO,Kollet,Uzun,WELDON,178.6,303.0,224.6,MEDIUM,0
HSK63,Shrink,Kısa,WELDON,62.8,114.2,307.4,LOW,0
BBT40,Pens&Bilyalı,İnce,ER,33.5,108.1,209.5,LOW,0
BBT40,Pens&Bilyalı,Uzun,WELDON,4.6,15.5,280.5,LOW,0
BT40,Pens&Bilyalı,Kısa,WELDON,179.0,558.7,281.1,LOW,0
BBT40,Pens&Bilyalı,Uzun,ER,234.7,750.3,277.1,MEDIUM,0
BBT40,Pens&Bilyalı,Uzun,DIN6499,264.6,505.9,263.3,HIGH,1
HSK63,Pens&Bilyalı,Uzun,MORSE,37.4,129.4,229.8,LOW,0
HSK100,Pens&Bilyalı,Kısa,WELDON,148.2,248.8,293.6,LOW,0
BT40,Pens&Bilyalı,Uzun,DIN6499,128.1,478.8,312.0,LOW,0
HSK63,Shrink,Kısa,MORSE,367.6,1117.2,330.0,HIGH,1
HSK100,Pens&Bilyalı,İnce,ER,145.4,228.6,243.6,LOW,0
BT40,Kollet,İnce,ER,52.3,181.5,169.2,LOW,0
HSK63,Shrink,Uzun,WELDON,98.1,291.0,402.9,LOW,0
SK40,Pens&Bilyalı,Uzun,WELDON,141.3,455.4,201.1,MEDIUM,0
HSK100,Kollet,İnce,MORSE,32.0,97.3,221.0,LOW,0
BT40,Shrink,Kısa,MORSE,300.4,485.4,323.8,HIGH,1
BT40,Shrink,Kısa,MORSE,149.7,565.6,376.4,LOW,0
BBT50,Shrink,Uzun,WELDON,121.1,253.8,344.9,LOW,0
BBT40,Kollet,İnce,ER,106.2,169.4,162.9,LOW,0
BBT40,Kollet,Uzun,MORSE,226.8,500.6,207.5,HIGH,1
BT40,Pens&Bilyalı,Kısa,MORSE,258.8,420.3,271.9,HIGH,1
BBT30,Shrink,İnce,DIN6499,132.2,413.9,190.0,LOW,0
BT40,Kollet,Kısa,MORSE,249.5,574.3,221.1,HIGH,1
BBT30,Shrink,Kısa,ER,145.2,329.5,264.4,LOW,0
BBT30,Shrink,Uzun,ER,171.5,506.7,243.5,MEDIUM,0
BT40,Kollet,Uzun,ER,51.1,191.9,197.9,LOW,0
SK40,Kollet,İnce,MORSE,21.3,47.4,175.7,LOW,0
BT40,Shrink,Uzun,DIN6499,31.3,108.1,248.1,LOW,0
BBT50,Pens&Bilyalı,Uzun,MORSE,10.9,23.8,295.4,LOW,0
BT40,Shrink,Kısa,DIN6499,236.0,669.2,332.5,MEDIUM,0
SK40,Pens&Bilyalı,Kısa,DIN6499,196.0,445.6,209.1,HIGH,1
HSK63,Shrink,Uzun,MORSE,256.4,419.8,284.2,HIGH,1
BT40,Kollet,Kısa,MORSE,140.8,455.9,262.0,LOW,0
HSK63,Kollet,Kısa,WELDON,66.9,155.6,290.7,LOW,0
BT40,Shrink,Kısa,DIN6499,323.5,806.5,401.0,MEDIUM,0
BBT40,Pens&Bilyalı,İnce,DIN6499,44.0,118.9,189.6,LOW,0
BBT50,Pens&Bilyalı,Kısa,MORSE,18.2,45.4,323.3,LOW,0
BBT30,Kollet,Kısa,ER,77.7,238.3,196.0,LOW,0
BBT40,Pens&Bilyalı,Uzun,DIN6499,311.9,1198.9,278.3,HIGH,1
BT40,Shrink,İnce,MORSE,214.4,549.2,294.8,MEDIUM,0
BBT40,Kollet,İnce,ER,95.5,143.5,190.0,LOW,0
HSK100,Kollet,Kısa,WELDON,341.5,887.6,299.5,HIGH,1
BBT40,Kollet,Kısa,DIN6499,56.9,148.4,301.8,LOW,0
BT40,Shrink,İnce,DIN6499,218.3,443.8,251.4,MEDIUM,0
BBT40,Shrink,Kısa,ER,253.5,537.6,365.9,LOW,0
HSK63,Shrink,Kısa,WELDON,506.7,1901.0,446.8,HIGH,1
HSK100,Kollet,Kısa,WELDON,387.7,1247.3,368.8,HIGH,1
BT40,Kollet,Uzun,MORSE,225.0,385.5,268.8,MEDIUM,0
BBT30,Pens&Bilyalı,İnce,MORSE,125.3,289.2,132.8,HIGH,1
BT40,Kollet,Kısa,MORSE,148.3,413.1,190.6,MEDIUM,0
BBT40,Shrink,Kısa,DIN6499,241.8,948.1,370.4,LOW,0
HSK63,Kollet,İnce,MORSE,19.2,58.1,209.4,LOW,0
HSK100,Shrink,Uzun,ER,416.4,829.6,390.7,HIGH,1
HSK63,Shrink,Uzun,DIN6499,193.4,493.4,323.2,LOW,0
BBT40,Shrink,Uzun,MORSE,305.5,592.8,295.9,HIGH,1
HSK100,Shrink,İnce,WELDON,92.3,302.0,338.0,LOW,0
HSK63,Kollet,Uzun,ER,275.5,1068.0,248.8,HIGH,1
BBT30,Kollet,Kısa,WELDON,198.8,533.3,192.1,HIGH,1
BBT40,Pens&Bilyalı,İnce,ER,191.2,370.6,262.4,MEDIUM,0
BBT40,Shrink,İnce,ER,185.1,693.3,231.7,MEDIUM,0
HSK100,Shrink,Uzun,WELDON,173.9,505.2,392.4,LOW,0
HSK63,Kollet,Kısa,ER,391.2,1481.6,353.4,HIGH,1
HSK100,Shrink,Uzun,WELDON,258.2,946.7,390.7,LOW,0
BBT30,Shrink,İnce,ER,96.7,169.3,205.6,LOW,0
SK40,Shrink,İnce,ER,39.7,74.0,211.5,LOW,0
HSK63,Pens&Bilyalı,İnce,WELDON,12.1,44.1,226.2,LOW,0
HSK63,Shrink,İnce,ER,263.4,436.4,234.6,HIGH,1
BT40,Kollet,İnce,WELDON,149.8,582.0,192.5,MEDIUM,0
BBT40,Kollet,Kısa,DIN6499,96.7,255.1,243.9,LOW,0
BBT30,Pens&Bilyalı,Kısa,DIN6499,161.1,488.9,216.7,MEDIUM,0
HSK63,Pens&Bilyalı,İnce,DIN6499,238.6,951.8,226.0,HIGH,1
HSK63,Kollet,İnce,WELDON,120.7,281.7,184.1,LOW,0
BBT50,Pens&Bilyalı,İnce,ER,201.6,806.2,217.9,HIGH,1
BT40,Shrink,İnce,ER,116.4,342.5,294.6,LOW,0
HSK63,Kollet,Uzun,WELDON,185.2,465.8,240.7,MEDIUM,0
BT40,Kollet,Kısa,MORSE,230.5,730.7,227.0,HIGH,1
BBT30,Kollet,Kısa,ER,255.0,844.3,238.0,HIGH,1
HSK63,Kollet,İnce,MORSE,18.0,57.9,142.8,LOW,0
HSK100,Shrink,Uzun,WELDON,152.2,465.4,404.0,LOW,0
BBT30,Shrink,Uzun,ER,11.3,37.8,244.7,LOW,0
BBT40,Shrink,Uzun,MORSE,257.4,713.4,333.8,MEDIUM,0
BBT50,Pens&Bilyalı,Kısa,ER,259.5,779.9,402.2,LOW,0
HSK63,Shrink,Uzun,WELDON,432.2,930.5,395.4,HIGH,1
BT40,Shrink,Uzun,ER,242.9,901.6,276.7,MEDIUM,0
BT40,Shrink,İnce,MORSE,186.4,447.8,246.0,MEDIUM,0
BT40,Pens&Bilyalı,İnce,DIN6499,5.2,14.4,206.5,LOW,0
BBT40,Kollet,Uzun,WELDON,22.9,52.3,263.7,LOW,0
HSK63,Kollet,Kısa,MORSE,194.8,512.1,205.0,HIGH,1
HSK100,Shrink,İnce,MORSE,111.5,238.1,325.3,LOW,0
CAPTO,Shrink,Uzun,WELDON,73.0,128.1,314.3,LOW,0
HSK63,Shrink,Kısa,MORSE,180.7,526.7,308.1,LOW,0
HSK100,Pens&Bilyalı,Uzun,MORSE,382.4,1118.2,334.1,HIGH,1
SK40,Shrink,Kısa,WELDON,172.8,393.2,404.7,LOW,0
BBT40,Pens&Bilyalı,Uzun,ER,20.4,45.3,264.8,LOW,0
BT40,Pens&Bilyalı,Kısa,DIN6499,256.6,535.2,300.2,MEDIUM,0
HSK63,Shrink,Uzun,ER,49.3,110.5,355.5,LOW,0
BBT50,Kollet,Uzun,ER,203.1,455.9,263.3,MEDIUM,0
BT40,Shrink,İnce,WELDON,120.2,383.6,221.1,LOW,0
BBT30,Kollet,Uzun,MORSE,161.7,249.5,149.4,HIGH,1
BBT30,Kollet,Uzun,WELDON,150.0,477.0,218.4,LOW,0
SK40,Kollet,İnce,DIN6499,13.4,28.8,142.6,LOW,0
BT40,Pens&Bilyalı,İnce,ER,121.8,259.7,192.0,LOW,0
BBT40,Kollet,Uzun,MORSE,63.1,119.7,268.7,LOW,0
BT40,Pens&Bilyalı,Kısa,WELDON,271.0,856.6,241.9,HIGH,1
BBT40,Pens&Bilyalı,Kısa,MORSE,7.2,16.5,325.5,LOW,0
BBT40,Pens&Bilyalı,İnce,ER,176.1,503.4,228.0,MEDIUM,0
BT40,Pens&Bilyalı,İnce,WELDON,16.4,37.6,170.3,LOW,0
BT40,Kollet,Uzun,WELDON,227.3,858.5,231.4,HIGH,1
CAPTO,Kollet,İnce,MORSE,114.7,197.0,177.1,LOW,0
SK40,Pens&Bilyalı,Kısa,ER,191.3,573.3,317.3,LOW,0
BT40,Pens&Bilyalı,İnce,WELDON,102.6,286.5,183.7,LOW,0
BT40,Kollet,İnce,MORSE,60.8,122.9,171.5,LOW,0
BBT40,Pens&Bilyalı,Uzun,ER,164.0,356.6,329.8,LOW,0
BT40,Shrink,Uzun,ER,33.4,78.2,351.5,LOW,0
HSK63,Kollet,İnce,ER,239.8,388.1,220.6,HIGH,1
BBT40,Pens&Bilyalı,İnce,ER,0.4,1.6,173.9,LOW,0
BBT50,Shrink,İnce,DIN6499,329.3,626.6,307.5,HIGH,1
HSK63,Pens&Bilyalı,Kısa,ER,137.5,382.4,288.9,LOW,0
HSK63,Kollet,İnce,WELDON,86.0,163.7,215.7,LOW,0
BT40,Kollet,İnce,DIN6499,115.1,224.2,183.6,LOW,0
HSK100,Kollet,Kısa,DIN6499,156.0,505.2,321.8,LOW,0
BBT40,Pens&Bilyalı,Kısa,MORSE,1.1,2.1,314.1,LOW,0
SK40,Kollet,Kısa,DIN6499,207.3,376.2,236.6,MEDIUM,0
CAPTO,Shrink,Kısa,WELDON,289.6,835.2,371.5,MEDIUM,0
BBT30,Shrink,İnce,DIN6499,134.5,296.4,134.0,HIGH,1
HSK63,Kollet,Kısa,MORSE,86.9,315.5,285.4,LOW,0
HSK63,Shrink,Kısa,MORSE,89.7,302.4,450.7,LOW,0
BBT50,Pens&Bilyalı,Kısa,DIN6499,212.5,492.6,277.2,MEDIUM,0
HSK100,Kollet,Kısa,DIN6499,285.1,640.2,284.0,HIGH,1
BBT40,Pens&Bilyalı,İnce,WELDON,110.3,325.2,223.0,LOW,0
BBT30,Pens&Bilyalı,Uzun,MORSE,214.1,369.3,186.5,HIGH,1
BBT40,Pens&Bilyalı,İnce,WELDON,204.5,444.9,230.8,MEDIUM,0
HSK63,Kollet,İnce,MORSE,76.6,256.0,177.9,LOW,0
HSK63,Shrink,Uzun,MORSE,37.0,67.0,293.9,LOW,0
HSK63,Shrink,Uzun,WELDON,101.5,276.8,338.9,LOW,0
HSK63,Kollet,Kısa,MORSE,29.6,79.2,253.4,LOW,0
BBT30,Pens&Bilyalı,Uzun,WELDON,159.7,634.4,235.6,LOW,0
BT40,Shrink,İnce,DIN6499,54.5,174.6,234.3,LOW,0
HSK63,Shrink,Uzun,WELDON,312.5,930.8,334.6,HIGH,1
HSK100,Kollet,Kısa,DIN6499,234.9,482.7,323.5,MEDIUM,0
BBT40,Pens&Bilyalı,Uzun,MORSE,134.8,426.4,304.6,LOW,0
SK40,Shrink,Uzun,MORSE,231.8,871.5,330.2,MEDIUM,0
HSK63,Shrink,Uzun,MORSE,268.9,463.6,325.5,MEDIUM,0
BBT40,Kollet,Uzun,DIN6499,131.0,279.9,217.5,LOW,0
BBT50,Kollet,Kısa,WELDON,137.4,314.5,282.1,LOW,0
BT40,Kollet,İnce,MORSE,7.4,29.2,135.0,LOW,0
HSK63,Kollet,Uzun,ER,15.3,33.3,206.7,LOW,0
BBT40,Pens&Bilyalı,Kısa,MORSE,122.8,423.0,231.4,LOW,0
BBT40,Shrink,Uzun,WELDON,99.7,322.5,394.6,LOW,0
HSK63,Kollet,Kısa,MORSE,169.0,259.6,315.8,LOW,0
CAPTO,Pens&Bilyalı,Kısa,MORSE,244.5,758.1,294.0,MEDIUM,0
HSK63,Shrink,İnce,DIN6499,27.6,60.6,209.3,LOW,0
BBT40,Shrink,Uzun,MORSE,127.4,410.9,317.2,LOW,0
HSK63,Shrink,İnce,MORSE,187.4,683.9,237.1,MEDIUM,0
BT40,Kollet,İnce,ER,24.2,96.2,166.1,LOW,0
BT40,Shrink,İnce,ER,150.9,282.1,243.4,LOW,0
HSK63,Kollet,İnce,WELDON,29.2,70.2,187.6,LOW,0
HSK63,Shrink,Uzun,ER,104.5,362.4,357.2,LOW,0
BBT30,Kollet,Kısa,WELDON,79.7,264.2,197.7,LOW,0
SK40,Shrink,İnce,MORSE,143.0,475.4,276.0,LOW,0
HSK63,Kollet,İnce,DIN6499,3.4,8.6,169.0,LOW,0
BBT50,Pens&Bilyalı,Uzun,DIN6499,232.0,851.3,296.1,MEDIUM,0
BT40,Kollet,Uzun,WELDON,212.0,421.1,225.4,HIGH,1
CAPTO,Pens&Bilyalı,Kısa,MORSE,48.0,181.8,317.5,LOW,0
SK40,Pens&Bilyalı,İnce,MORSE,145.9,308.7,182.0,MEDIUM,0
BT40,Shrink,İnce,ER,272.7,663.2,298.1,HIGH,1
HSK100,Pens&Bilyalı,Kısa,ER,95.7,334.5,333.5,LOW,0
SK40,Pens&Bilyalı,İnce,MORSE,142.0,509.9,180.2,MEDIUM,0
SK40,Shrink,İnce,MORSE,15.5,48.3,252.1,LOW,0
HSK63,Shrink,Uzun,ER,25.5,91.9,334.4,LOW,0
CAPTO,Shrink,İnce,MORSE,34.2,114.2,238.8,LOW,0
CAPTO,Pens&Bilyalı,Kısa,DIN6499,4.1,14.1,209.8,LOW,0
BT40,Shrink,Kısa,DIN6499,66.3,247.5,263.1,LOW,0
BBT40,Shrink,Uzun,ER,510.2,1603.6,470.8,HIGH,1
HSK63,Shrink,İnce,WELDON,5.2,14.1,246.2,LOW,0
HSK63,Pens&Bilyalı,İnce,ER,163.9,609.4,229.3,MEDIUM,0
HSK63,Shrink,Kısa,WELDON,340.5,544.9,336.3,HIGH,1
BT40,Pens&Bilyalı,İnce,WELDON,65.8,134.6,191.4,LOW,0
HSK100,Pens&Bilyalı,İnce,MORSE,88.4,184.6,222.9,LOW,0
HSK63,Shrink,Kısa,ER,54.2,131.3,399.3,LOW,0
HSK63,Kollet,İnce,ER,25.3,51.2,175.9,LOW,0
HSK63,Shrink,İnce,MORSE,298.1,649.1,276.7,HIGH,1
BT40,Pens&Bilyalı,İnce,ER,38.8,101.3,196.3,LOW,0
HSK63,Kollet,İnce,WELDON,66.6,265.0,178.2,LOW,0
HSK100,Pens&Bilyalı,Kısa,ER,107.0,322.6,393.6,LOW,0
CAPTO,Shrink,Kısa,MORSE,160.4,347.2,360.5,LOW,0
HSK100,Pens&Bilyalı,Kısa,WELDON,117.5,451.2,411.5,LOW,0
HSK63,Pens&Bilyalı,Kısa,MORSE,26.5,57.7,348.2,LOW,0
HSK100,Pens&Bilyalı,Uzun,ER,316.9,1180.6,309.7,HIGH,1
HSK63,Kollet,Uzun,WELDON,70.6,252.2,209.9,LOW,0
SK40,Shrink,Kısa,MORSE,340.4,1193.4,338.8,HIGH,1
BBT40,Shrink,Uzun,WELDON,312.6,1041.9,307.3,HIGH,1
BT40,Shrink,Kısa,WELDON,245.5,885.5,368.6,LOW,0
BBT50,Kollet,Uzun,WELDON,168.1,253.8,239.4,MEDIUM,0
BBT40,Kollet,İnce,WELDON,79.5,285.5,192.8,LOW,0
HSK63,Pens&Bilyalı,Uzun,DIN6499,254.2,501.9,280.5,HIGH,1
HSK63,Pens&Bilyalı,İnce,MORSE,24.7,76.3,229.2,LOW,0
HSK63,Pens&Bilyalı,Kısa,DIN6499,257.4,773.6,289.9,MEDIUM,0
BBT30,Kollet,Kısa,ER,4.5,10.9,193.2,LOW,0
HSK100,Kollet,Kısa,DIN6499,285.7,601.0,255.8,HIGH,1
BT40,Kollet,İnce,MORSE,133.2,376.2,168.4,MEDIUM,0
HSK100,Pens&Bilyalı,İnce,MORSE,96.8,189.3,247.2,LOW,0
SK40,Pens&Bilyalı,Uzun,MORSE,9.0,24.8,210.0,LOW,0
HSK100,Shrink,Uzun,WELDON,262.8,923.6,344.4,MEDIUM,0
BBT40,Pens&Bilyalı,İnce,ER,232.1,613.8,236.5,HIGH,1
SK40,Shrink,İnce,ER,150.0,379.9,222.4,LOW,0
BBT50,Shrink,Uzun,DIN6499,230.4,724.9,342.8,LOW,0
BBT40,Pens&Bilyalı,İnce,WELDON,26.3,41.9,259.3,LOW,0
HSK63,Shrink,İnce,MORSE,104.4,218.5,253.1,LOW,0
BBT30,Pens&Bilyalı,Uzun,MORSE,201.2,733.9,196.1,HIGH,1
HSK63,Kollet,Uzun,ER,202.3,634.6,265.2,MEDIUM,0
HSK63,Shrink,Uzun,WELDON,188.7,509.3,338.0,LOW,0
BBT50,Shrink,İnce,DIN6499,136.3,273.4,266.1,LOW,0
HSK100,Shrink,Uzun,WELDON,427.8,1091.2,410.2,HIGH,1
CAPTO,Kollet,Kısa,MORSE,216.7,477.0,213.3,HIGH,1
BT40,Pens&Bilyalı,Kısa,ER,81.1,314.3,313.3,LOW,0
SK40,Pens&Bilyalı,İnce,MORSE,41.4,71.8,211.8,LOW,0
CAPTO,Shrink,Uzun,WELDON,224.5,473.2,277.4,MEDIUM,0
HSK63,Shrink,İnce,ER,16.8,57.5,259.2,LOW,0
HSK100,Shrink,Kısa,DIN6499,51.2,147.2,372.6,LOW,0
HSK63,Shrink,Uzun,WELDON,369.3,1070.4,392.1,HIGH,1
BBT50,Kollet,Uzun,MORSE,153.5,421.8,245.2,LOW,0
HSK63,Kollet,Kısa,WELDON,160.0,306.2,240.2,LOW,0
HSK63,Shrink,Uzun,ER,220.5,717.4,294.5,MEDIUM,0
BT40,Kollet,Kısa,ER,148.2,399.1,241.8,LOW,0
BBT40,Pens&Bilyalı,İnce,ER,239.7,575.8,220.3,HIGH,1
BBT40,Shrink,Kısa,ER,413.0,923.4,411.1,HIGH,1
BBT50,Pens&Bilyalı,Uzun,WELDON,392.6,988.3,391.8,HIGH,1
HSK100,Pens&Bilyalı,Uzun,ER,312.4,780.0,323.6,HIGH,1
BT40,Shrink,İnce,MORSE,201.9,621.3,251.8,MEDIUM,0
HSK63,Shrink,Kısa,DIN6499,30.9,113.6,381.8,LOW,0
BBT40,Kollet,Uzun,ER,22.3,46.9,316.9,LOW,0
BT40,Kollet,Uzun,DIN6499,102.1,323.1,240.2,LOW,0
BBT50,Pens&Bilyalı,İnce,MORSE,93.6,312.6,208.7,LOW,0
BT40,Shrink,Kısa,DIN6499,269.6,972.8,305.8,MEDIUM,0
HSK100,Pens&Bilyalı,Uzun,MORSE,284.6,493.0,266.7,HIGH,1
HSK63,Pens&Bilyalı,Uzun,WELDON,57.8,146.0,296.1,LOW,0
BBT40,Shrink,Kısa,DIN6499,233.8,415.8,384.1,LOW,0
HSK100,Pens&Bilyalı,İnce,WELDON,68.4,120.2,233.0,LOW,0
CAPTO,Shrink,Kısa,WELDON,75.3,148.9,412.9,LOW,0
HSK100,Shrink,Uzun,WELDON,107.5,290.1,401.0,LOW,0
HSK100,Kollet,Kısa,DIN6499,287.0,510.7,303.5,HIGH,1
BBT50,Kollet,Uzun,MORSE,162.3,528.6,302.0,LOW,0
BT40,Pens&Bilyalı,Kısa,ER,194.5,559.7,244.0,MEDIUM,0
HSK63,Kollet,İnce,WELDON,230.9,407.5,214.8,HIGH,1
HSK63,Kollet,İnce,DIN6499,39.1,126.6,216.1,LOW,0
BBT40,Shrink,Uzun,MORSE,159.7,573.6,346.8,LOW,0
HSK100,Shrink,İnce,ER,253.0,381.4,274.1,HIGH,1
HSK63,Pens&Bilyalı,Kısa,WELDON,365.4,957.0,332.8,HIGH,1
BT40,Kollet,Uzun,WELDON,146.3,561.3,250.3,LOW,0
BBT40,Pens&Bilyalı,İnce,MORSE,18.4,28.8,250.9,LOW,0
BT40,Kollet,Uzun,WELDON,255.5,850.1,223.4,HIGH,1
BBT40,Shrink,Uzun,ER,417.0,895.5,372.4,HIGH,1
HSK63,Kollet,Uzun,WELDON,185.4,321.9,206.9,MEDIUM,0
BBT50,Shrink,Uzun,WELDON,388.6,1070.2,397.6,HIGH,1
SK40,Pens&Bilyalı,Kısa,ER,80.0,183.3,265.2,LOW,0
BT40,Shrink,İnce,DIN6499,92.2,178.5,290.3,LOW,0
HSK63,Kollet,Kısa,MORSE,327.1,991.1,334.7,HIGH,1
HSK63,Kollet,Uzun,ER,174.8,609.0,217.9,MEDIUM,0
HSK63,Shrink,Kısa,MORSE,84.4,150.8,397.0,LOW,0
BBT40,Kollet,İnce,MORSE,4.7,17.1,211.7,LOW,0
HSK63,Shrink,Kısa,MORSE,23.6,42.0,338.9,LOW,0
HSK63,Shrink,Uzun,ER,363.1,1376.0,367.4,HIGH,1
HSK100,Shrink,İnce,DIN6499,121.5,355.6,303.6,LOW,0
BBT40,Kollet,Kısa,DIN6499,185.4,625.3,264.6,MEDIUM,0
BBT40,Pens&Bilyalı,Kısa,DIN6499,19.4,37.1,324.1,LOW,0
HSK100,Kollet,Kısa,ER,83.1,150.8,333.3,LOW,0
BT40,Pens&Bilyalı,Kısa,MORSE,82.4,310.0,224.0,LOW,0
BBT30,Shrink,Uzun,WELDON,186.3,675.9,240.6,MEDIUM,0
HSK100,Shrink,İnce,ER,216.2,743.3,296.5,MEDIUM,0
BT40,Kollet,İnce,MORSE,17.8,58.8,169.5,LOW,0
BBT40,Shrink,Kısa,MORSE,320.6,683.5,435.2,MEDIUM,0
SK40,Kollet,Uzun,ER,114.3,305.4,215.9,LOW,0
BT40,Pens&Bilyalı,Uzun,WELDON,27.4,87.5,234.5,LOW,0
HSK63,Kollet,İnce,DIN6499,131.3,437.7,207.2,LOW,0
HSK63,Pens&Bilyalı,Uzun,ER,111.7,398.8,278.4,LOW,0
BT40,Kollet,İnce,DIN6499,73.7,208.7,177.6,LOW,0
HSK63,Shrink,Kısa,DIN6499,121.5,292.4,300.1,LOW,0
BT40,Shrink,İnce,MORSE,126.8,242.2,275.5,LOW,0
BBT50,Kollet,İnce,ER,46.1,88.9,156.4,LOW,0
HSK63,Pens&Bilyalı,İnce,WELDON,213.3,576.0,206.3,HIGH,1
BBT50,Kollet,Uzun,DIN6499,142.1,350.6,220.3,LOW,0
HSK63,Pens&Bilyalı,İnce,WELDON,117.1,461.9,209.3,LOW,0
BBT50,Kollet,Uzun,WELDON,6.5,11.5,264.4,LOW,0
HSK63,Pens&Bilyalı,Kısa,ER,174.8,313.5,285.1,LOW,0
BBT40,Pens&Bilyalı,Uzun,DIN6499,69.0,270.8,261.1,LOW,0
BBT40,Shrink,İnce,DIN6499,23.3,41.1,270.1,LOW,0
HSK100,Kollet,Uzun,DIN6499,33.3,120.7,291.4,LOW,0
BBT50,Pens&Bilyalı,Uzun,WELDON,182.1,629.4,288.7,LOW,0
HSK63,Kollet,Kısa,DIN6499,18.4,71.0,275.6,LOW,0
CAPTO,Pens&Bilyalı,Kısa,DIN6499,285.4,1044.0,296.3,HIGH,1
BBT40,Pens&Bilyalı,İnce,ER,165.6,393.7,188.4,MEDIUM,0
BT40,Kollet,Uzun,ER,40.2,78.0,182.4,LOW,0
HSK63,Pens&Bilyalı,Kısa,WELDON,267.2,621.0,318.4,MEDIUM,0
BT40,Kollet,Kısa,ER,156.1,618.5,285.4,LOW,0
BBT40,Pens&Bilyalı,İnce,DIN6499,217.2,618.1,216.5,HIGH,1
HSK63,Shrink,Uzun,WELDON,224.7,693.5,323.3,LOW,0
BT40,Kollet,Kısa,DIN6499,0.5,1.3,231.1,LOW,0
SK40,Pens&Bilyalı,Uzun,MORSE,108.2,281.2,205.4,LOW,0
BT40,Pens&Bilyalı,İnce,ER,110.7,361.4,197.0,LOW,0
BBT40,Shrink,Uzun,WELDON,262.5,560.6,307.3,MEDIUM,0
BT40,Kollet,Kısa,MORSE,270.0,960.0,239.7,HIGH,1
BT40,Kollet,Uzun,DIN6499,163.8,581.2,270.3,LOW,0
BT40,Pens&Bilyalı,Kısa,DIN6499,25.3,73.6,241.2,LOW,0
HSK63,Shrink,Uzun,MORSE,270.5,638.8,397.3,LOW,0
BBT40,Pens&Bilyalı,Uzun,DIN6499,86.0,329.3,245.5,LOW,0
HSK100,Shrink,Kısa,DIN6499,135.8,322.2,305.8,LOW,0
BBT40,Pens&Bilyalı,İnce,MORSE,75.7,281.6,236.0,LOW,0
SK40,Kollet,İnce,WELDON,103.3,396.0,158.1,LOW,0
CAPTO,Shrink,İnce,WELDON,94.4,273.3,240.5,LOW,0
BBT40,Pens&Bilyalı,Uzun,DIN6499,64.3,181.4,251.6,LOW,0
BBT40,Shrink,Kısa,DIN6499,151.4,395.7,437.8,LOW,0
HSK100,Pens&Bilyalı,Uzun,WELDON,351.6,1175.4,326.2,HIGH,1
BBT40,Kollet,İnce,WELDON,170.9,557.0,171.7,HIGH,1
BT40,Shrink,Kısa,WELDON,70.6,235.7,377.6,LOW,0
HSK63,Kollet,Uzun,DIN6499,179.7,438.5,261.2,LOW,0
HSK100,Pens&Bilyalı,Uzun,DIN6499,77.2,193.8,389.7,LOW,0
HSK100,Pens&Bilyalı,İnce,WELDON,23.4,83.5,245.7,LOW,0
BBT40,Shrink,Uzun,MORSE,53.0,203.3,348.8,LOW,0
HSK63,Shrink,İnce,ER,33.0,80.8,243.7,LOW,0
BBT50,Shrink,Uzun,DIN6499,270.6,990.6,299.7,HIGH,1
BT40,Shrink,İnce,MORSE,103.8,204.9,250.2,LOW,0
BBT40,Pens&Bilyalı,Uzun,WELDON,258.7,827.8,288.9,MEDIUM,0
BT40,Pens&Bilyalı,İnce,DIN6499,167.0,304.7,215.6,MEDIUM,0
HSK63,Pens&Bilyalı,Uzun,WELDON,74.9,165.1,257.3,LOW,0
BT40,Shrink,Kısa,DIN6499,111.2,270.3,395.1,LOW,0
BT40,Shrink,Kısa,MORSE,92.9,353.8,287.4,LOW,0
HSK63,Shrink,Uzun,WELDON,153.7,555.7,419.7,LOW,0
CAPTO,Kollet,İnce,MORSE,147.4,316.0,143.5,HIGH,1
BBT40,Shrink,İnce,MORSE,55.6,191.1,241.2,LOW,0
SK40,Pens&Bilyalı,Kısa,WELDON,92.8,168.4,249.5,LOW,0
HSK63,Kollet,Kısa,ER,221.7,673.8,231.4,HIGH,1
HSK100,Kollet,Kısa,MORSE,92.9,358.9,313.8,LOW,0
BT40,Shrink,Kısa,DIN6499,110.4,331.7,302.1,LOW,0
BT40,Pens&Bilyalı,Kısa,ER,40.7,141.9,280.6,LOW,0
BBT50,Shrink,İnce,MORSE,330.2,655.3,299.0,HIGH,1
HSK63,Pens&Bilyalı,Uzun,DIN6499,239.6,540.8,306.3,MEDIUM,0
BT40,Kollet,Uzun,WELDON,58.2,115.5,272.1,LOW,0
HSK63,Kollet,Uzun,WELDON,145.4,551.0,235.3,LOW,0
BBT40,Pens&Bilyalı,Kısa,ER,213.9,600.2,349.8,LOW,0
BBT40,Pens&Bilyalı,İnce,WELDON,28.9,55.0,192.3,LOW,0
HSK63,Shrink,Kısa,ER,6.7,10.4,353.5,LOW,0
HSK63,Kollet,İnce,MORSE,107.0,316.0,239.0,LOW,0
HSK63,Kollet,Kısa,WELDON,282.3,974.7,265.4,HIGH,1
BBT40,Pens&Bilyalı,Kısa,MORSE,422.5,1528.1,371.6,HIGH,1
BT40,Shrink,Kısa,WELDON,390.5,1011.1,413.8,HIGH,1
BBT40,Shrink,Uzun,ER,379.4,721.5,391.5,HIGH,1
HSK63,Shrink,Uzun,WELDON,124.3,295.1,346.9,LOW,0
CAPTO,Shrink,Kısa,ER,84.3,256.0,350.9,LOW,0
BT40,Shrink,İnce,DIN6499,4.6,7.4,253.3,LOW,0
BT40,Pens&Bilyalı,İnce,MORSE,82.9,223.6,225.8,LOW,0
BBT40,Kollet,Kısa,WELDON,5.0,17.3,265.8,LOW,0
HSK63,Pens&Bilyalı,Kısa,ER,330.1,1200.4,343.8,HIGH,1
HSK100,Pens&Bilyalı,Uzun,MORSE,236.9,828.7,363.5,LOW,0
HSK100,Pens&Bilyalı,Kısa,WELDON,240.3,496.7,399.4,LOW,0
BT40,Kollet,İnce,DIN6499,67.6,105.4,162.5,LOW,0
BBT40,Shrink,Uzun,DIN6499,305.8,806.3,347.6,MEDIUM,0
BT40,Shrink,Uzun,ER,65.1,212.4,331.4,LOW,0
HSK100,Pens&Bilyalı,Uzun,MORSE,93.1,362.6,330.7,LOW,0
CAPTO,Kollet,Kısa,MORSE,193.0,367.2,275.0,MEDIUM,0
HSK63,Shrink,Kısa,ER,163.5,415.5,373.6,LOW,0
HSK100,Kollet,Uzun,DIN6499,253.3,940.5,266.7,HIGH,1
BBT50,Pens&Bilyalı,Uzun,DIN6499,280.4,508.2,271.5,HIGH,1
HSK63,Pens&Bilyalı,İnce,ER,242.9,955.4,231.4,HIGH,1
BT40,Kollet,Kısa,MORSE,219.3,663.5,251.6,MEDIUM,0
BBT40,Pens&Bilyalı,Uzun,ER,218.6,707.4,227.1,HIGH,1
HSK100,Pens&Bilyalı,Uzun,DIN6499,70.5,137.0,292.9,LOW,0
HSK100,Pens&Bilyalı,Uzun,WELDON,69.2,113.1,277.3,LOW,0
BT40,Pens&Bilyalı,Uzun,MORSE,201.7,661.0,229.3,MEDIUM,0
HSK63,Shrink,Kısa,WELDON,126.8,383.0,318.4,LOW,0
BT40,Kollet,Uzun,WELDON,76.1,222.5,199.4,LOW,0
BBT30,Kollet,İnce,WELDON,116.5,335.4,134.1,MEDIUM,0
BBT30,Kollet,İnce,WELDON,36.4,73.2,131.9,LOW,0
BBT30,Pens&Bilyalı,Kısa,DIN6499,188.2,441.3,216.3,MEDIUM,0
BBT50,Shrink,İnce,WELDON,308.8,1155.7,281.1,HIGH,1
BT40,Pens&Bilyalı,Uzun,MORSE,266.7,640.6,260.6,HIGH,1
BT40,Shrink,Kısa,WELDON,465.6,1152.4,463.3,HIGH,1
HSK63,Kollet,Uzun,ER,93.2,323.7,218.3,LOW,0
HSK63,Pens&Bilyalı,Kısa,WELDON,318.5,888.9,297.7,HIGH,1
BT40,Shrink,İnce,DIN6499,45.7,120.2,243.8,LOW,0
HSK63,Pens&Bilyalı,Uzun,DIN6499,317.6,478.6,294.1,HIGH,1
BBT40,Shrink,Uzun,WELDON,215.2,749.1,331.7,LOW,0
SK40,Kollet,Kısa,MORSE,107.8,187.5,275.5,LOW,0
SK40,Pens&Bilyalı,Kısa,DIN6499,49.8,145.9,253.4,LOW,0
BBT40,Kollet,Uzun,WELDON,196.3,344.6,268.2,MEDIUM,0
BBT40,Pens&Bilyalı,Uzun,DIN6499,4.7,15.1,228.8,LOW,0
BT40,Kollet,Kısa,WELDON,50.3,181.2,270.3,LOW,0
BT40,Kollet,Kısa,MORSE,155.1,435.0,255.8,LOW,0
CAPTO,Pens&Bilyalı,Kısa,ER,95.2,270.7,251.7,LOW,0
BBT40,Pens&Bilyalı,İnce,DIN6499,85.4,243.7,214.8,LOW,0
BBT40,Pens&Bilyalı,İnce,MORSE,297.6,807.3,259.9,HIGH,1
BBT40,Shrink,Kısa,WELDON,94.5,257.8,399.6,LOW,0
HSK63,Kollet,Uzun,MORSE,296.6,1016.4,274.1,HIGH,1
HSK63,Shrink,Kısa,ER,57.3,87.5,312.9,LOW,0
HSK63,Kollet,Kısa,DIN6499,253.3,850.7,277.7,HIGH,1
HSK63,Kollet,İnce,DIN6499,19.2,36.9,173.3,LOW,0
BBT40,Pens&Bilyalı,Kısa,WELDON,135.2,319.8,252.3,LOW,0
HSK100,Shrink,İnce,MORSE,309.2,601.2,345.9,MEDIUM,0
BBT30,Kollet,Uzun,MORSE,48.6,152.2,190.3,LOW,0
HSK100,Pens&Bilyalı,İnce,MORSE,24.4,76.4,204.9,LOW,0
BBT40,Pens&Bilyalı,Kısa,MORSE,174.6,399.3,274.6,LOW,0
BBT50,Shrink,Uzun,MORSE,252.8,869.9,357.2,MEDIUM,0
HSK63,Shrink,Kısa,MORSE,325.8,522.9,335.8,HIGH,1
BBT50,Kollet,Uzun,ER,211.2,836.4,226.3,HIGH,1
HSK100,Shrink,Kısa,DIN6499,411.5,1187.2,408.4,HIGH,1
HSK100,Pens&Bilyalı,Kısa,DIN6499,352.1,1243.0,332.9,HIGH,1
HSK100,Kollet,Uzun,DIN6499,19.8,55.3,227.5,LOW,0
HSK63,Pens&Bilyalı,Uzun,DIN6499,165.8,380.9,250.7,LOW,0
BT40,Kollet,İnce,WELDON,79.4,239.5,161.6,LOW,0
BBT40,Pens&Bilyalı,Uzun,WELDON,304.8,910.8,332.1,HIGH,1
BBT50,Pens&Bilyalı,Kısa,ER,248.4,840.8,297.0,MEDIUM,0
BT40,Shrink,Uzun,WELDON,126.9,401.3,299.4,LOW,0
HSK100,Shrink,Kısa,DIN6499,205.7,691.1,456.1,LOW,0
HSK63,Kollet,Kısa,WELDON,305.2,675.4,322.1,HIGH,1
BT40,Shrink,Uzun,ER,146.5,533.0,306.1,LOW,0
HSK63,Kollet,Kısa,ER,282.1,829.5,257.8,HIGH,1
BBT50,Pens&Bilyalı,Uzun,WELDON,6.8,16.8,317.9,LOW,0
HSK63,Pens&Bilyalı,Kısa,MORSE,113.4,308.3,262.1,LOW,0
HSK63,Kollet,Kısa,WELDON,74.0,256.2,272.0,LOW,0
HSK100,Pens&Bilyalı,Uzun,ER,197.8,578.0,253.6,MEDIUM,0
BT40,Kollet,Kısa,MORSE,98.4,246.9,247.5,LOW,0
SK40,Kollet,Kısa,DIN6499,107.1,272.7,237.7,LOW,0
BT40,Shrink,İnce,DIN6499,27.5,98.8,212.5,LOW,0
SK40,Pens&Bilyalı,İnce,MORSE,153.0,290.9,192.0,MEDIUM,0
BT40,Pens&Bilyalı,İnce,DIN6499,74.3,230.8,201.4,LOW,0
HSK100,Shrink,Uzun,WELDON,108.0,352.4,382.2,LOW,0
BBT40,Shrink,Kısa,WELDON,284.5,923.7,426.8,LOW,0
BBT40,Shrink,Uzun,MORSE,332.6,615.3,349.0,HIGH,1
BT40,Kollet,İnce,WELDON,124.4,417.7,140.1,MEDIUM,0
SK40,Pens&Bilyalı,İnce,DIN6499,27.5,86.8,179.2,LOW,0
HSK100,Shrink,İnce,WELDON,64.3,148.7,325.1,LOW,0
BBT30,Pens&Bilyalı,Uzun,MORSE,51.3,84.2,168.8,LOW,0
BBT50,Pens&Bilyalı,Uzun,ER,348.1,578.0,337.6,HIGH,1
BBT50,Kollet,Kısa,WELDON,130.6,229.4,268.0,LOW,0
HSK63,Shrink,İnce,DIN6499,273.9,548.1,289.0,HIGH,1
BT40,Kollet,Uzun,WELDON,16.9,35.0,192.0,LOW,0
HSK63,Pens&Bilyalı,Kısa,DIN6499,284.1,776.2,321.8,MEDIUM,0
SK40,Pens&Bilyalı,İnce,MORSE,51.5,174.1,165.2,LOW,0
HSK100,Kollet,Uzun,ER,227.7,731.2,339.9,LOW,0
BT40,Kollet,İnce,DIN6499,17.2,26.6,173.8,LOW,0
HSK63,Pens&Bilyalı,İnce,WELDON,252.1,601.0,252.3,HIGH,1
HSK63,Shrink,Uzun,DIN6499,102.4,350.8,345.1,LOW,0
HSK100,Kollet,Uzun,MORSE,16.4,31.7,308.4,LOW,0
BT40,Pens&Bilyalı,İnce,WELDON,29.0,92.9,160.0,LOW,0
HSK63,Kollet,Kısa,MORSE,84.5,335.6,251.8,LOW,0
BT40,Pens&Bilyalı,Uzun,DIN6499,83.5,128.2,256.1,LOW,0
BBT40,Pens&Bilyalı,Uzun,DIN6499,231.8,536.4,304.8,MEDIUM,0
BBT40,Shrink,Kısa,WELDON,5.6,10.0,340.0,LOW,0
HSK100,Shrink,İnce,MORSE,204.3,464.6,254.4,MEDIUM,0
BT40,Pens&Bilyalı,Uzun,MORSE,98.9,226.3,246.3,LOW,0
BBT40,Shrink,İnce,MORSE,215.4,517.5,242.4,MEDIUM,0
HSK100,Pens&Bilyalı,İnce,ER,212.7,388.7,229.6,HIGH,1
BT40,Shrink,Kısa,DIN6499,95.0,368.7,335.4,LOW,0
BBT50,Pens&Bilyalı,Uzun,ER,51.1,130.7,326.8,LOW,0
HSK63,Kollet,İnce,MORSE,78.0,173.8,180.4,LOW,0
